,"焦炭,wt%","硫含量,μg/g.1",S-ZORB.PT_2502.DACA,S-ZORB.PT_9403.PV,辛烷值RON,S-ZORB.PT_1201.PV,S-ZORB.LC_1201.PV,S-ZORB.PT_2301.PV,S-ZORB.AT-0005.DACA.PV,RON损失,S-ZORB.PT_1602A.PV,"焦炭,wt%.1","硫含量,μg/g",S-ZORB.PT_2501.DACA,S-ZORB.PT_2905.DACA,S-ZORB.PT_2101.PV,S-ZORB.PC_3101.DACA,S-ZORB.PT_1601.DACA,S-ZORB.AT-0009.DACA.PV,S-ZORB.PC_5101.PV,S-ZORB.AT-0006.DACA.PV,S-ZORB.PC_1202.PV,S-ZORB.PT_9001.PV
0,2.32,3.2,0.15437796,0.9944950199999999,90.6,2.31469985,50.018776,2.404997599999999,0.518146705,1.379999999999995,0.386509955,1.84,188.0,0.137880145,0.10900028,2.39399055,0.4002584399999999,2.52311205,0.458893155,0.65213752,0.49617347,2.2896772,0.4270086400000001
1,2.37,3.2,0.160220625,0.99675382,90.5,2.316185550000001,50.0326935,2.405063300000001,0.5034240400000002,1.179999999999993,0.3855367749999999,0.55,169.0,0.14351407,0.109006525,2.39411295,0.398007315,2.51755125,0.465308955,0.6521101949999999,0.497675615,2.289765,0.420079665
2,2.43,3.2,0.15363531,0.9971267000000001,90.7,2.3164667,50.01792450000001,2.4059577,0.5093946949999999,1.379999999999995,0.38678164,1.89,177.0,0.13634656,0.108169625,2.3945447,0.4003946299999999,2.5286086,0.4540534800000001,0.6523945500000001,0.4886267049999999,2.29020055,0.4232674800000001
3,3.08,3.2,0.16278265,0.9955059599999998,90.4,2.3156715,50.01423100000001,2.40471825,0.5101734950000001,1.379999999999995,0.38427097,0.98,159.0,0.14554975,0.1086587,2.392854450000001,0.4027809949999999,2.52708535,0.4719475,0.6520891349999999,0.471604635,2.2884897,0.4145615350000001
4,2.45,3.2,0.15967246,0.9977253399999997,89.6,2.31664335,49.928912,2.4053802,0.5075405250000001,1.279999999999987,0.3858069650000001,0.83,173.0,0.14242206,0.10852954,2.39271545,0.3982841149999999,2.5288266,0.4606176749999999,0.652212625,0.489053105,2.28938635,0.4172121750000001
5,2.31,3.2,0.15819948,0.996091675,91.0,2.29808015,49.96812050000001,2.38632185,0.506298105,1.409999999999997,0.385940835,0.88,163.0,0.14079347,0.108352885,2.37484205,0.3993976149999999,2.5045912,0.46169352,0.6521336500000001,0.5002160649999999,2.27020035,0.41929653
6,2.38,4.6,0.15991428,0.995461865,90.4,2.2968161,49.99192600000001,2.38557085,0.5054821949999999,1.200000000000017,0.385772275,0.6633333333333333,209.0,0.14258511,0.108354955,2.37441035,0.39890321,2.5099329,0.4622495899999999,0.6521015900000001,0.4788546050000001,2.27011275,0.417777015
7,3.0,6.6,0.159293215,0.9953946049999999,90.5,2.30011185,50.0166985,2.38434905,0.5058900749999999,1.300000000000011,0.3866935500000001,0.83,195.0,0.14155585,0.108385305,2.37276025,0.396375455,2.5144638,0.44177823,0.65198405,0.467061125,2.27066135,0.4324458799999999
8,2.32,3.2,0.159192185,0.9957995299999999,90.4,2.2992358,49.99522899999999,2.38629185,0.514772045,1.100000000000009,0.39164921,0.93,165.0,0.141811605,0.108790475,2.37463285,0.404888535,2.51363355,0.472410905,0.6535279,0.48558564,2.27077045,0.511090685
9,2.32,3.2,0.157463965,0.9954721050000002,90.2,2.2997305,49.98261100000001,2.38473975,0.520297885,1.400000000000006,0.38704533,0.95,159.0,0.140141465,0.108569895,2.37346455,0.3977175150000001,2.511330550000001,0.473597965,0.6523322250000001,0.4830455949999999,2.2696994,0.4542166099999999
10,1.99,3.2,0.152571925,0.99477419,90.2,2.2820537,49.998923,2.3640848,0.515977355,1.300000000000011,0.386170975,0.56,85.0,0.134967205,0.10922182,2.35316555,0.40109219,2.49210405,0.44952918,0.65203601,0.48953528,2.260301150000001,0.414755555
11,2.01,3.2,0.15221329,0.9949842449999997,90.2,2.28242005,50.005473,2.36516405,0.53426087,1.300000000000011,0.38629338,0.62,117.0,0.13361125,0.10898137,2.3540646,0.40051094,2.489179999999999,0.4722441099999999,0.6520541,0.4799669000000001,2.26049425,0.4153650899999999
12,1.74,6.3,0.155555335,0.9947877000000002,89.2,2.28261975,49.994952,2.3637789,0.5146794800000001,1.500000000000014,0.387849955,0.81,103.0,0.13808093,0.108497125,2.3519306,0.397985615,2.4876391,0.4699449299999999,0.6521944999999999,0.483601415,2.2594907,0.423575585
13,2.06,3.2,0.158688605,0.9943684599999999,86.8,2.28320045,50.0196485,2.364586650000001,0.513993105,1.400000000000006,0.3856571150000001,0.97,83.0,0.143025935,0.108454295,2.35315,0.39925867,2.47292995,0.4632508750000001,0.65175817,0.489145805,2.26015575,0.4166696200000001
14,2.03,3.2,0.150613385,0.9934284950000001,87.8,2.2841633,50.004766,2.366141,0.52448875,1.700000000000003,0.385494105,0.55,121.0,0.135680325,0.108173415,2.35508605,0.3956955200000001,2.4823107,0.471038765,0.6598861550000001,0.4764811750000001,2.2598529,0.488206465
15,2.06,3.2,0.14250161,0.9956659350000001,88.4,2.28444585,49.9982915,2.36595165,0.5092092549999999,1.700000000000017,0.38573613,0.5,115.0,0.127540645,0.108349915,2.35497145,0.398741985,2.48393955,0.4646601599999999,0.6600482299999999,0.48638294,2.2599405,0.411720385
16,1.74,4.4,0.151971255,0.9937581549999999,87.2,2.283902049999999,49.99307749999999,2.36496605,0.5273069499999999,1.100000000000009,0.3851471750000001,0.73,77.0,0.13651168,0.10835281,2.3540291,0.39952136,2.4826611,0.4706493999999999,0.65996155,0.4890344849999999,2.2600868,0.41545636
17,1.76,3.2,0.148937985,0.9929086699999999,88.0,2.300229,49.9943945,2.38153745,0.53201671,1.509999999999991,0.3861255500000001,0.75,108.0,0.134066475,0.10831216,2.37128275,0.39944956,2.4992528,0.460024625,0.66010493,0.4888494049999998,2.27983385,0.411515795
18,1.755,3.2,0.15156745,0.993801765,88.2,2.3246736,49.99357699999999,2.40898295,0.5116198799999999,1.109999999999999,0.386303,0.8186666666666667,98.16999999999999,0.135901955,0.10804943,2.397455299999999,0.398461105,2.527319099999999,0.47153955,0.660003115,0.4857154149999999,2.3003833,0.4154151600000001
19,1.64,3.2,0.154142005,0.993935325,88.8,2.36523575,49.9911465,2.4544499,0.5342233200000001,1.209999999999994,0.38574224,0.71,117.0,0.138732715,0.107545535,2.4422589,0.396837585,2.572353,0.47079786,0.65993039,0.5039801200000001,2.34025225,0.4144480100000001
20,1.669868055555555,3.2,0.16065722,0.9985128,88.1,2.36370555,50.02252549999999,2.4523514,0.5144193800000001,1.509999999999991,0.38479613,0.5273888888888889,111.0,0.144539785,0.107453525,2.44001365,0.4025476100000001,2.568608950000001,0.46833122,0.6600034100000001,0.4876812800000001,2.33957585,0.417028175
21,1.71,3.2,0.177183205,0.9950973699999999,88.2,2.36439695,49.99292899999999,2.4675988,0.5182396,1.010000000000005,0.3843942900000001,0.58,57.0,0.16397181,0.107915521,2.4470768,0.3995222900000001,2.5887987,0.4731528050000001,0.6598912150000001,0.5016622449999999,2.3395708,0.4171942000000001
22,1.66,3.2,0.154413705,0.9927240900000001,89.6,2.369150750000001,50.037851,2.4640118,0.5049072,1.609999999999985,0.38191757,0.57,148.0,0.13868843,0.108050185,2.45280685,0.39788153,2.56825285,0.4567239,0.659903375,0.474052085,2.3399242,0.4119528200000001
23,1.63,3.2,0.156580755,0.9937850750000001,89.0,2.3671065,50.004953,2.46375695,0.53101566,1.409999999999997,0.3825688199999999,0.54,131.0,0.14139333,0.108081045,2.45192225,0.400135635,2.584274850000001,0.47982825,0.66008356,0.4780203299999999,2.33959225,0.41697365
24,1.62,3.2,0.15621395,0.995105315,89.3,2.3668774,50.0085715,2.46144385,0.5239877300000001,1.409999999999997,0.3828135950000001,0.54,222.0,0.1403453,0.108268305,2.449264,0.401367875,2.56785995,0.47378342,0.66018361,0.473941095,2.3390424,0.41662882
25,1.01,3.2,0.157151235,0.9938189150000001,89.2,2.36531445,50.01858899999999,2.4631216,0.5152912150000001,1.510000000000005,0.38114909,0.48,125.0,0.14200469,0.107978075,2.452038949999999,0.398752935,2.58097145,0.4705938200000001,0.6600625049999999,0.4703989099999999,2.3380121,0.41676497
26,1.63,3.2,0.158353845,0.99465316,88.7,2.3690708,49.99298399999999,2.46373685,0.5253228799999999,1.409999999999997,0.384673355,0.41,156.0,0.14332293,0.10775534,2.4513024,0.399803735,2.57960625,0.4713354699999999,0.66001202,0.4720864949999999,2.339923450000001,0.4215077500000001
27,1.68,3.2,0.157291055,0.9951043049999999,89.0,2.3711595,50.00202100000001,2.46362905,0.5156992599999999,1.109999999999999,0.3826437250000001,0.55,170.0,0.1419509,0.107843785,2.45096865,0.397686545,2.5791589,0.46608756,0.6597445699999999,0.480801565,2.34059215,0.420944065
28,1.79,3.2,0.15074638,0.9938068650000002,89.7,2.37237825,50.014082,2.46305055,0.54449628,1.409999999999997,0.38234964,0.6525,206.0,0.136318745,0.107426295,2.45015305,0.40344128,2.5774231,0.4653461550000001,0.6600901100000002,0.473403155,2.34261175,0.4173594649999999
29,1.736666666666667,3.2,0.160905865,0.9942284000000001,89.2,2.37045845,50.00534099999999,2.46808395,0.52320875,1.209999999999994,0.382523015,0.5733333333333334,185.0,0.14590885,0.107118995,2.4553758,0.399000235,2.58130295,0.4660324849999999,0.6599841200000002,0.4636123949999998,2.3404905,0.4247929499999999
30,1.73,3.2,0.15745053,0.9941973450000001,89.1,2.3702309,49.9907375,2.4637502,0.52497059,1.709999999999994,0.38183968,0.5225,172.0,0.14229962,0.10716796,2.45172855,0.39992561,2.595593500000001,0.466180765,0.6599829500000001,0.48148761,2.3401638,0.4207595
31,1.796666666666667,3.2,0.159076465,0.9939742749999997,88.5,2.3494705,50.02555049999999,2.44277265,0.5323875699999999,1.409999999999997,0.3823852150000001,0.5766666666666667,133.0,0.143907295,0.10707545,2.42999535,0.4001209599999999,2.5629367,0.48761625,0.660096915,0.4865315949999999,2.32000255,0.4263575550000001
32,2.05,3.2,0.155136185,0.9957137100000001,88.4,2.3505631,50.0071425,2.44505475,0.517331145,1.109999999999999,0.38057536,1.91,189.0,0.139854405,0.106665455,2.4316754,0.4023624699999999,2.5596454,0.4723554850000001,0.6598300650000001,0.4800228049999999,2.32039305,0.4314494299999999
33,1.75,3.2,0.150257415,0.9933436400000002,88.1,2.35243395,50.0243435,2.44635425,0.51872138,0.9099999999999966,0.380302365,0.61,144.0,0.135738915,0.106919565,2.4330574,0.4018129499999999,2.56970375,0.4953667900000001,0.6600702199999999,0.47377391,2.3221432,0.41713427
34,2.0,4.8,0.154145635,0.9943099849999999,88.7,2.35047115,50.04404949999999,2.444601850000001,0.524470035,1.109999999999999,0.38413801,0.9333333333333333,210.0,0.13925365,0.10663571,2.43119135,0.399600955,2.57022225,0.4597644,0.6599820399999999,0.473699785,2.32032555,0.43273618
35,1.813333333333333,3.2,0.156321225,0.9939385749999999,87.5,2.35028555,49.9804955,2.4440166,0.52039031,1.409999999999997,0.38508708,0.5733333333333334,137.0,0.1419477,0.106659145,2.43072415,0.400570875,2.56212665,0.470872215,0.6600417150000001,0.48018964,2.320304,0.4177899800000001
36,1.733333333333333,3.2,0.15203839,0.9929331950000003,89.4,2.35115125,49.995786,2.4430797,0.522708545,1.310000000000002,0.384722885,0.7466666666666667,168.0,0.13700212,0.1067271,2.4294957,0.40597256,2.5612009,0.4604139200000001,0.6600277500000001,0.48445433,2.32050975,0.412912535
37,2.23,3.2,0.1646236200000001,0.99295596,89.1,2.351492449999999,49.9960275,2.448702050000001,0.51966732,1.309999999999988,0.3868359750000001,0.86,154.0,0.149415215,0.10687245,2.43229745,0.39802531,2.576845850000001,0.4716135300000001,0.6600648600000001,0.477816235,2.3194718,0.41625506
38,1.72,3.2,0.1561985950000001,0.9937048450000001,89.5,2.3913189,50.02699700000001,2.484322799999999,0.52039067,1.239999999999995,0.38614093,0.59,230.0,0.140124115,0.10612829,2.47078775,0.39878483,2.59795575,0.47098322,0.6599131699999999,0.4971751299999999,2.3599785,0.408227995
39,1.88,3.2,0.155930305,0.992479235,89.7,2.392060100000001,50.016308,2.483419350000001,0.5283822850000001,1.439999999999998,0.38564063,0.97,236.0,0.13951824,0.10624404,2.4702782,0.399502825,2.5997248,0.474673335,0.65990605,0.463278715,2.3602873,0.4095464549999999
40,1.79,3.2,0.15832491,0.993802685,89.2,2.3921801,50.001333,2.48342835,0.5182581050000001,1.540000000000006,0.385814575,0.93,236.0,0.14209073,0.10689872,2.47036165,0.4011537799999999,2.607222799999999,0.4767129600000001,0.6600351649999999,0.47518318,2.360285800000001,0.410015205
41,1.92,7.399999999999999,0.152252605,0.9933899649999999,89.8,2.332188299999999,50.019742,2.4253221,0.5345569550000001,1.219999999999999,0.385464645,1.01,204.0,0.13677982,0.10673853,2.41231015,0.400039715,2.53825275,0.4656987900000001,0.651813965,0.4826003500000001,2.300073600000001,0.4041470500000001
42,1.88,3.2,0.17557633,0.9939260199999997,89.6,2.329805,49.99495099999999,2.4279133,0.524266065,1.539999999999992,0.3860893950000001,0.97,172.0,0.160111935,0.103853046,2.41205745,0.3998735,2.54700045,0.4822016050000001,0.65206538,0.4670057900000001,2.2992572,0.403390615
43,1.74,3.2,0.154196145,0.9943526950000001,89.5,2.32977835,50.0091285,2.423232499999999,0.5326844199999999,1.400000000000006,0.385740385,1.43,179.0,0.139349045,0.106639935,2.4105032,0.399041435,2.5415954,0.4740983,0.652032725,0.4708256700000001,2.299559449999999,0.420638945
44,2.92,7.6,0.154105735,0.9942349,89.7,2.3287955,50.02426949999999,2.4207101,0.522188845,1.200000000000003,0.38559945,1.03,275.0,0.13874489,0.10773286,2.40841035,0.39841991,2.53312475,0.4580220400000001,0.652060615,0.4909073249999999,2.29989105,0.4204769850000001
45,2.52,8.4,0.146461925,0.9961806950000002,89.5,2.32723565,49.9877895,2.42049315,0.5241730399999999,1.200000000000003,0.388085455,1.09,216.0,0.13218086,0.10833834,2.40931035,0.4014623050000001,2.5300417,0.484222895,0.6519858450000001,0.485733925,2.2992068,0.4217572450000001
46,1.73,3.8,0.170455535,0.99559084,89.6,2.33030495,50.04308350000001,2.4264847,0.516088625,1.299999999999997,0.38597627,1.49,286.0,0.154627445,0.105328665,2.410127,0.399477585,2.5277418,0.465290795,0.6520347899999999,0.469564825,2.2983272,0.4142992550000001
47,2.08,8.6,0.170167665,0.9931544749999999,90.0,2.332874399999999,50.04275049999999,2.4261176,0.51566218,1.200000000000003,0.3849626499999999,1.5,209.0,0.154810685,0.10623929,2.4117226,0.40032228,2.5326318,0.462898615,0.65193476,0.4786696450000001,2.30166145,0.4127467099999999
48,1.84,7.0,0.148308675,0.9952350699999999,90.2,2.3305913,50.0178665,2.421259800000001,0.52228217,1.100000000000009,0.38548931,1.06,264.0,0.13317361,0.10730707,2.40945055,0.3986826250000001,2.5378268,0.4753220300000001,0.652061225,0.4795592499999999,2.3002831,0.4083708250000001
49,1.98,4.2,0.14931345,0.9936088300000001,89.6,2.33496025,50.01933499999999,2.42582375,0.5248965099999999,1.0,0.3843592400000001,0.87,132.0,0.135279245,0.10747022,2.4149704,0.39971189,2.5331794,0.48435276,0.6519092550000001,0.4853815399999999,2.305279,0.40387419
50,3.45,4.8,0.15394854,0.9952068799999999,89.6,2.33304655,49.988883,2.4257749,0.5260087999999999,1.179999999999993,0.386318775,1.41,221.0,0.13949428,0.107790355,2.4147078,0.3999709000000001,2.537178100000001,0.47289325,0.652014035,0.47681485,2.30411515,0.409508065
51,1.67,3.2,0.151846345,0.9936635299999999,90.1,2.333896499999999,50.00866250000001,2.4240714,0.521855325,1.400000000000006,0.3854158649999999,0.7,126.0,0.136799045,0.107834575,2.41311685,0.4013808799999999,2.5300728,0.462527705,0.652077255,0.4751835950000001,2.3049881,0.411126095
52,3.13,3.2,0.152942205,0.9946170099999998,90.2,2.339720049999999,50.00426649999999,2.43171755,0.5194077300000001,1.200000000000003,0.3789763150000001,1.15,199.0,0.13737716,0.10769324,2.4206136,0.39811085,2.5380893,0.4696668100000001,0.65199385,0.4820255500000002,2.3092745,0.4083032999999999
53,2.78,3.2,0.150663225,0.9948943050000001,90.1,2.341309600000001,50.0097235,2.4313882,0.51373359,1.200000000000003,0.3808722350000001,1.08,144.0,0.134928395,0.107749405,2.419880500000001,0.40405128,2.5403469,0.47407976,0.6519772149999999,0.4747193599999999,2.31079225,0.422645915
54,3.2,3.2,0.15418591,0.9930004650000003,89.8,2.339892199999999,50.01428600000001,2.43185445,0.531516145,1.200000000000003,0.379383715,0.82,101.0,0.138743545,0.1077546,2.4202988,0.399905565,2.548944199999999,0.4692589099999999,0.6519484299999999,0.471864155,2.309659599999999,0.412228455
55,2.53,3.2,0.153773955,0.9931340549999998,89.6,2.34414915,50.02421449999999,2.4346615,0.5252300400000001,1.400000000000006,0.379750705,0.77,169.0,0.138167655,0.107785685,2.42266985,0.39970372,2.5625406,0.4537753500000001,0.651780725,0.4843062,2.31011465,0.41180238
56,1.64,3.2,0.15698077,0.994550215,89.4,2.34292675,50.008609,2.43512105,0.5190183999999999,1.100000000000009,0.379816895,0.65,241.0,0.14046294,0.107959515,2.42353875,0.397651675,2.55732125,0.4563714849999999,0.652025595,0.482971425,2.30918535,0.411204185
57,1.57,3.8,0.162194,0.9943953299999999,88.7,2.3325814,50.030931,2.4186307,0.519926965,1.25,0.379209585,0.61,244.0,0.14553968,0.107176865,2.4063565,0.3985672200000001,2.5228507,0.46421485,0.6518917249999999,0.486420015,2.2997279,0.40807776
58,1.78,3.2,0.16209817,0.9942794100000001,89.4,2.31296415,49.98864200000001,2.3869617,0.5146236,1.75,0.3796806049999999,0.69,263.0,0.146185295,0.10745673,2.3760827,0.3998486199999999,2.48998905,0.45839261,0.6519982999999999,0.485381905,2.27980475,0.41318169
59,2.45,3.2,0.162389595,0.9937373050000001,89.2,2.314303100000001,50.00541700000001,2.3881188,0.5135481100000001,1.179999999999993,0.37993055,1.06,225.0,0.146047105,0.106822525,2.37690375,0.40141777,2.49480215,0.4687768549999999,0.65213038,0.4988252449999999,2.2810125,0.4140512650000001
60,2.55,3.2,0.162964675,0.99437166,89.7,2.3134091,49.9685465,2.3891346,0.5085786000000001,1.679999999999993,0.379875495,0.75,245.0,0.146884775,0.10726746,2.37827335,0.399377595,2.49457975,0.45294118,0.6520181700000001,0.487087725,2.28098785,0.4115864800000001
61,2.68,5.8,0.163959305,0.994484395,89.0,2.3129737,49.9987545,2.3882824,0.5140114599999999,1.780000000000001,0.378737475,0.93,239.0,0.14674451,0.10739855,2.3773865,0.3973492750000001,2.49079005,0.4528854800000001,0.65205409,0.5063540499999999,2.279862749999999,0.4073426550000001
62,1.71,3.2,0.16328483,0.994179205,89.1,2.2936584,49.987379,2.3703055,0.5065580300000001,1.579999999999984,0.38012547,0.97,239.0,0.146801935,0.10781767,2.3587567,0.3975898800000001,2.47418615,0.46625495,0.652078435,0.487365835,2.260013100000001,0.4106417749999999
63,1.64,3.2,0.151107025,0.9939075,88.8,2.34226505,50.0171065,2.42964675,0.50731785,1.579999999999998,0.37962478,0.71,172.0,0.134966145,0.10789468,2.4180224,0.40217786,2.5397661,0.46723761,0.652049945,0.489980215,2.30962545,0.4123403100000001
64,2.77,3.2,0.15015098,0.9935856600000001,88.3,2.34385245,50.0011855,2.4320078,0.5161254850000001,1.079999999999998,0.37916433,1.35,182.0,0.134634075,0.10773309,2.420006299999999,0.40292719,2.5400499,0.46364017,0.65199265,0.4876444900000002,2.3112109,0.4098055799999999
65,2.1,3.2,0.15178907,0.9958751149999999,88.7,2.3431433,50.0099815,2.4319967,0.507633165,1.280000000000001,0.37964575,1.32,156.0,0.135798775,0.108213025,2.4201576,0.402446885,2.5438238,0.4691844150000001,0.652023825,0.48478792,2.3103247,0.42070533
66,3.52,3.2,0.1401767,0.9966472800000001,89.0,2.3450094,49.99578,2.4378762,0.4997594400000002,1.280000000000001,0.3784403800000001,1.57,137.0,0.134620265,0.10766918,2.428327,0.40046197,2.538155699999999,0.4657626550000001,0.65972586,0.46991352,2.315267,0.41048335
67,5.553333333333334,3.2,0.151505805,0.9934655749999999,88.5,2.34120965,49.9929475,2.4346582,0.5021813800000001,1.379999999999995,0.38015663,3.116666666666666,129.0,0.13569523,0.108079555,2.42234495,0.398809335,2.5595499,0.46210113,0.6601153150000001,0.4875512949999999,2.310547249999999,0.41545504
68,2.52,3.2,0.15477643,0.9935828800000002,88.0,2.340834250000001,49.9994415,2.4321403,0.50093908,1.579999999999998,0.37915062,1.23,139.0,0.13911072,0.10811873,2.42061365,0.39526027,2.5515433,0.4696853050000001,0.6600841500000001,0.4917606150000001,2.31113235,0.4134667850000001
69,2.66,3.2,0.151078615,0.9946318300000001,88.7,2.33186925,49.99905199999999,2.42439735,0.513306975,1.780000000000001,0.3796188550000001,1.16,195.0,0.135328275,0.10803668,2.4124058,0.399860505,2.54150965,0.457650545,0.6600494149999999,0.4915561999999999,2.3100411,0.41296114
70,2.87,3.2,0.155680775,0.9932049749999999,90.6,2.33926765,49.97385199999999,2.4313837,0.5018847450000001,1.779999999999987,0.3802185749999999,1.28,201.0,0.139969155,0.107994245,2.41938975,0.403577075,2.5446518,0.462675565,0.6600690150000001,0.4928543699999999,2.3103173,0.39594153
71,2.86,3.2,0.146058695,0.9941106249999999,90.8,2.33895175,50.0060285,2.43282235,0.501069075,1.47999999999999,0.37880959,1.46,252.0,0.130890425,0.1078017085,2.42061145,0.39914178,2.54024685,0.45779936,0.66001915,0.489183,2.31018665,0.40463024
72,3.13,3.2,0.174278995,0.9951507449999999,89.3,2.2158793,49.9860265,2.28801605,0.49420772,1.400000000000006,0.38339588,1.46,183.0,0.157519655,0.1083549,2.276681,0.39965382,2.38428305,0.4459131,0.6600295500000001,0.4983615849999999,2.18322105,0.40607168
73,2.76,3.2,0.16624459,0.9937456499999999,88.3,2.2329116,49.996379,2.31629945,0.5103773649999999,1.299999999999997,0.381615285,1.42,169.0,0.149448145,0.108010335,2.30468595,0.40069034,2.4223584,0.46501257,0.66005655,0.490981915,2.20149935,0.4021797300000001
74,2.52,3.2,0.168993385,0.9939765699999998,88.4,2.232402599999999,49.995304,2.31383605,0.4977681899999999,1.400000000000006,0.38414412,1.67,185.0,0.151098625,0.10879781,2.302132449999999,0.39859505,2.41787785,0.4515315300000001,0.6600565449999999,0.4923166600000001,2.20062865,0.420033295
75,2.53,3.2,0.153824975,0.99583702,88.7,2.330554200000001,49.989089,2.42544095,0.5105069249999998,1.800000000000011,0.3826074,1.72,120.0,0.13727473,0.10820287,2.4134473,0.39937352,2.5308272,0.458411125,0.6599532549999999,0.48458445,2.299975750000001,0.39285092
76,2.4,3.2,0.1537026,0.99353143,90.1,2.331014849999999,49.9952665,2.4260074,0.50303427,1.47999999999999,0.3840367450000001,1.93,227.0,0.13703015,0.107679805,2.4147379,0.405188175,2.54087875,0.45956088,0.6599936,0.48962782,2.2988803,0.39873315
77,2.03,3.2,0.15422546,0.995426645,90.1,2.33659285,50.005491,2.4284508,0.49952995,1.379999999999995,0.382031425,1.49,257.3846153846154,0.13699538,0.107678555,2.4168997,0.3965107,2.53695125,0.4540721250000002,0.6601046199999999,0.4929843800000001,2.30150625,0.3961274
78,2.02,4.7,0.15797755,0.99491797,89.9,2.3345611,50.0104085,2.42813925,0.506539025,1.680000000000007,0.38405846,1.69,214.0,0.140410865,0.10788524,2.4157737,0.40068814,2.53718035,0.4529967600000001,0.6601889400000002,0.4869578800000001,2.30051305,0.397089355
79,2.61,3.2,0.158021095,0.9942256,89.1,2.28416555,50.032173,2.38166755,0.5016992499999999,1.179999999999993,0.38244903,1.6,241.0,0.141155285,0.107805045,2.36974395,0.402716815,2.49511815,0.45320073,0.6601236500000001,0.4858080300000001,2.2507605,0.3955163999999999
80,1.96,3.2,0.156090665,0.9936700550000002,88.0,2.28302975,50.00022100000001,2.37969165,0.498862355,0.9799999999999898,0.38274443,1.57,242.0,0.13958047,0.106619905,2.368367650000001,0.39886537,2.4914988,0.4615818849999999,0.6601067150000001,0.493040085,2.2504481,0.40761105
81,2.41,3.2,0.15659359,0.99489475,88.7,2.2837857,49.9718875,2.378519100000001,0.497786795,1.579999999999998,0.38187119,1.64,243.0,0.13988021,0.106979285,2.367146,0.39789971,2.51217935,0.4637331550000001,0.660093335,0.50531525,2.2505854,0.4117719650000001
82,2.11,3.2,0.15300757,0.9943666050000001,89.3,2.2838006,49.95514799999999,2.37842445,0.4964887399999999,1.579999999999998,0.382914485,1.45,255.0,0.13679644,0.10763292,2.3666131,0.3975169749999999,2.48977325,0.4530708899999999,0.660114135,0.4945230750000001,2.2506026,0.4056341150000001
83,1.8,3.2,0.16588802,0.9940336500000001,87.6,2.2827436,50.01862849999999,2.37747525,0.5154765249999999,1.779999999999987,0.3825013249999999,1.33,249.0,0.14883523,0.10731849,2.3650242,0.399640285,2.49235335,0.452756015,0.660118285,0.484677265,2.24930585,0.401127265
84,2.12,3.2,0.1557103,0.9944950699999999,86.9,2.2822168,49.95945549999999,2.3768188,0.50253372,1.180000000000007,0.382130445,1.33,284.0,0.13789246,0.10774681,2.365089849999999,0.397604925,2.48952375,0.458225635,0.659833915,0.4936889350000001,2.2494587,0.41127392
85,1.84,5.1,0.1557825999999999,0.993760025,87.2,2.275993499999999,49.99534100000001,2.3724128,0.4970076950000001,1.480000000000004,0.3826723,1.05,189.0,0.13818353,0.10788673,2.35993935,0.400443045,2.504046049999999,0.45616743,0.6600405300000001,0.484120925,2.2504036,0.39752414
86,2.02,7.700000000000001,0.156741125,0.9951641799999997,90.6,2.2826292,49.9938375,2.37643835,0.503590705,0.9799999999999898,0.3824536549999999,1.24,310.0,0.13956127,0.10699405,2.36509855,0.401613315,2.484234499999999,0.45056755,0.6600057950000001,0.4806718199999999,2.25024545,0.40832111
87,2.11,3.5,0.15328467,0.99408882,90.0,2.2812163,50.0087935,2.3759521,0.4993073449999999,1.179999999999993,0.38099889,1.28,269.0,0.13623811,0.10761985,2.3642564,0.3990538599999999,2.4854416,0.4614336249999999,0.659990055,0.49990075,2.24938005,0.40627016
88,2.27,3.2,0.15479142,0.99373641,90.5,2.2814907,49.97882600000001,2.3762869,0.4982133200000001,1.179999999999993,0.38188195,1.01,275.5384615384615,0.13785523,0.10737065,2.36513875,0.4000525249999999,2.48545275,0.467052135,0.6598864650000001,0.4922054299999999,2.24983065,0.407207065
89,2.02,3.2,0.15205677,0.993842535,90.5,2.282360799999999,49.987157,2.37558045,0.502830425,0.9799999999999898,0.38247814,1.14,255.0,0.135690025,0.10783375,2.3638136,0.40201683,2.48234625,0.452570215,0.6599612800000001,0.490332675,2.25053635,0.40645268
90,2.39,3.2,0.1574859850000001,0.9945404499999999,90.1,2.2843813,49.98984949999999,2.37834875,0.50299743,1.579999999999984,0.382709185,1.76,284.0,0.139885485,0.10748743,2.366655349999999,0.40080017,2.4932479,0.4516428499999999,0.6601544999999999,0.4949498449999999,2.250943149999999,0.40728274
91,2.39,3.4,0.157188835,0.993729865,90.4,2.28117535,49.9959175,2.37573285,0.5142154750000001,1.079999999999998,0.382317375,1.76,248.0,0.139286885,0.10737318,2.36419525,0.4003276499999999,2.4887417,0.45920846,0.660067835,0.489127345,2.24945345,0.40693868
92,1.85,3.2,0.151438365,0.9936278749999999,91.6,2.2827791,49.98862250000001,2.37832755,0.500401755,1.379999999999995,0.3825115199999999,1.28,287.0,0.135892605,0.10730387,2.36648065,0.398723625,2.49266595,0.4735977150000001,0.6600491149999999,0.4826370800000001,2.2503517,0.4072853349999999
93,1.87,5.999999999999999,0.16090802,0.9949963400000004,91.5,2.28323535,49.96116099999999,2.37905305,0.5015139300000001,1.300000000000011,0.38239504,1.35,279.0,0.14577156,0.10735011,2.36707695,0.39597585,2.4843668,0.45414648,0.66005685,0.4886082300000002,2.25101515,0.411114215
94,1.94,3.2,0.153432215,0.99448666,91.5,2.28004425,50.016994,2.3770258,0.5163111250000001,1.300000000000011,0.382428425,1.24,286.6923076923077,0.138043475,0.107551155,2.3653235,0.4000059450000001,2.48917885,0.4650493050000001,0.6600304349999999,0.49372585,2.250520749999999,0.40791061
95,1.98,3.8,0.15438308,0.9940994199999998,91.3,2.2799294,50.0185545,2.37677315,0.503572455,1.100000000000009,0.3823434999999999,1.34,286.6442307692307,0.13932479,0.107291795,2.3654925,0.3970631899999999,2.4913875,0.458188565,0.6599811549999999,0.483342165,2.2502826,0.40526257
96,1.78,3.2,0.15487248,0.9939733499999999,91.5,2.2808461,49.9902555,2.3759856,0.5042581549999999,1.200000000000003,0.382453085,1.0,286.5961538461539,0.139701895,0.10751548,2.3643255,0.4017654649999999,2.4882198,0.4706683249999999,0.660022135,0.4820624050000001,2.25146795,0.41285577
97,1.74,3.2,0.153355815,0.9937243149999997,91.3,2.278609,49.99517350000001,2.37490855,0.505908895,1.200000000000003,0.382287325,0.92,275.4423076923077,0.13827127,0.107293565,2.36285125,0.4008743749999999,2.4793623,0.461674625,0.65986511,0.477964445,2.25115835,0.40535551
98,1.92,3.2,0.1521683,0.9939887428571427,91.1,2.280947714285714,49.96895857142857,2.377359190476189,0.5098935857142857,1.200000000000003,0.3832293428571429,1.21,263.6538461538462,0.1370031333333334,0.1074735666666667,2.366092619047619,0.3992824666666666,2.495931142857143,0.474355138095238,0.6599053619047618,0.4852758047619047,2.250864428571429,0.4071724761904762
99,1.73,3.2,0.1556902,0.9942618049999998,91.0,2.2808927,49.99617499999999,2.377413000000001,0.5078742650000001,1.300000000000011,0.3816106500000001,0.92,262.4038461538462,0.140161205,0.107178345,2.36575295,0.39977127,2.48302275,0.4706868849999999,0.6599767149999999,0.4776492199999999,2.2513714,0.406693445
100,1.97,3.9,0.156606855,0.99402345,91.7,2.28067685,49.988624,2.3782107,0.51712697,1.780000000000001,0.38320025,1.58,259.3846153846154,0.140780995,0.107463755,2.366360450000001,0.3948888649999999,2.49596825,0.461285385,0.6601542100000002,0.482841545,2.2498388,0.41606643
101,2.19,3.2,0.15738994,0.9937020850000001,91.6,2.2791505,50.01048249999999,2.375289,0.519036745,1.179999999999993,0.382252275,0.94,259.0384615384616,0.142275865,0.10737452,2.36380025,0.39766113,2.48815105,0.478641395,0.660025985,0.4871431000000001,2.25066195,0.4067809999999999
102,2.26,3.2,0.159329265,0.9939172249999997,91.4,2.27811275,49.9851535,2.375652850000001,0.511415885,1.280000000000001,0.38184449,1.18,258.6923076923077,0.14424532,0.10727903,2.3627488,0.3997111649999999,2.48491075,0.4762306550000001,0.6599915550000001,0.4843248999999999,2.2497986,0.404256855
103,2.35,4.1,0.15635993,0.993664525,91.2,2.27883895,49.9549245,2.3727031,0.5078555950000001,1.079999999999998,0.381619735,1.35,261.7692307692308,0.14092765,0.107446195,2.3602887,0.398692805,2.4948167,0.45507374,0.66006604,0.492873025,2.2498586,0.406799175
104,1.87,3.8,0.15606916,0.99289477,91.2,2.2792603,50.03597800000001,2.3738236,0.518017215,1.379999999999995,0.382290295,1.09,264.8461538461539,0.14079139,0.107420365,2.3619509,0.401234295,2.48583,0.4671079099999999,0.6600423049999999,0.4863644500000001,2.25070865,0.40605536
105,1.98,3.2,0.1547047,0.99355646,91.0,2.2813438,49.97409500000001,2.37482405,0.51814694,1.280000000000001,0.3819168200000001,0.97,260.9230769230769,0.139240685,0.10747236,2.36312265,0.398664445,2.475529099999999,0.462490615,0.65999064,0.4799116150000001,2.2510367,0.4049797000000001
106,1.65,3.2,0.159171785,0.99377859,91.2,2.2798195,49.99072,2.37497185,0.504610645,1.679999999999993,0.3822372499999999,0.97,257.0,0.1431918,0.10747994,2.3629803,0.399481105,2.4911404,0.46173024,0.6599740400000002,0.4880706199999999,2.25008595,0.40683535
107,1.73,4.5,0.159466185,0.9918161050000001,90.6,2.2795161,50.0141365,2.3746157,0.5194819900000001,1.679999999999993,0.38254285,1.13,262.9999999999999,0.1441871700000001,0.10740426,2.3630647,0.397646275,2.49230765,0.4759713600000001,0.6600826750000001,0.4868466349999999,2.25121635,0.41485053
108,1.88,3.2,0.150309045,0.9924801649999999,91.2,2.28203445,50.0036915,2.37602775,0.50909808,1.280000000000001,0.3819144150000001,1.73,268.9999999999999,0.135539975,0.10708301,2.36285785,0.4002157750000001,2.4799574,0.4584293800000001,0.6600675449999999,0.491779115,2.2522516,0.4126454300000001
109,1.69,3.2,0.15493034,0.9954975849999999,90.5,2.2804663,49.9933745,2.374291,0.5174051650000001,1.300000000000011,0.38237319,1.27,250.5,0.1403809,0.1072851,2.361897600000001,0.40006422,2.477496299999999,0.4722628349999999,0.6601028499999999,0.483063685,2.251295,0.416489155
110,2.15,3.2,0.158029985,0.99433872,90.4,2.279438249999999,50.0036175,2.37439115,0.521317655,1.200000000000017,0.382076665,1.43,231.9999999999999,0.14330306,0.10761095,2.36250735,0.3991499550000001,2.4680233,0.46415978,0.6600253899999999,0.4817101950000001,2.2512349,0.39445466
111,1.6,3.2,0.15415105,0.9933589099999999,90.9,2.282930075,50.00267,2.3772344,0.5326103175,1.400000000000006,0.3819346250000001,0.96,300.857142857143,0.13887458,0.106941305,2.365566575,0.3998249749999999,2.475756124999999,0.4614892225,0.6599958475000001,0.5034053974999997,2.25008075,0.3968200225000001
112,2.22,3.3,0.156669782051282,0.9939866717948718,90.5,2.281632717948718,50.01363846153846,2.375751282051282,0.5185022512820513,1.200000000000003,0.3830691230769232,1.48,300.857142857143,0.1409902512820513,0.1071812743589744,2.363950769230769,0.3997035717948718,2.473096487179487,0.4723721666666667,0.6600616948717948,0.4889285615384615,2.251168256410257,0.4070058641025641
113,1.6,3.7,0.1592937975,0.9934217075000001,91.3,2.281155375,49.99849500000001,2.37506705,0.514401125,1.579999999999998,0.3824191674999999,1.07,300.857142857143,0.1439574725,0.107140625,2.3633297,0.3989218525,2.469879624999999,0.4572429324999999,0.6600354774999999,0.4769538675000001,2.24992375,0.4028624399999999
114,3.39,3.4,0.15454786,0.9945666450000001,91.0,2.28138245,49.95450875,2.3754764,0.5180449125,1.300000000000011,0.38009738,1.43,241.285714285714,0.1397939175,0.1070944225,2.3636106,0.3997820275,2.4715491,0.4663105100000001,0.6600458650000001,0.48832986,2.250193525,0.4026562575
115,2.47,3.2,0.15242101,0.9935599800000002,91.0,2.280361325,49.9753465,2.374520674999999,0.529958515,1.239999999999995,0.3824467874999999,1.26,240.285714285714,0.137111085,0.107066175,2.36245955,0.3987395725,2.4770813,0.4771299324999999,0.6599940500000001,0.4853355075,2.25111865,0.4050142075
116,1.55,3.2,0.1562065225,0.9950208474999999,91.1,2.281324025000001,49.97258225,2.37519715,0.5226626374999999,1.209999999999994,0.3824592575,1.07,240.285714285714,0.1390946,0.1073652975,2.363491875,0.3984466150000001,2.4696813,0.4682703050000001,0.6599503825000002,0.4775631,2.251155425,0.4016309825000001
117,2.38,3.2,0.1614585825,0.9938233324999999,90.6,2.2790637,49.99943225,2.374783275,0.5206499175,1.209999999999994,0.380144015,1.46,240.285714285714,0.05175739925,0.10711724,2.36315605,0.3993968875000001,2.468642875,0.4663477475000001,0.6600356225,0.4903510150000002,2.24924565,0.3919895025
118,1.71,3.2,0.161842995,0.9938738799999998,90.8,2.2815693,50.00421075,2.376559075,0.5178779725,1.109999999999999,0.3814283574999999,1.18,240.285714285714,0.1447343125,0.107105705,2.364458974999999,0.3983343974999999,2.467691125,0.4668478649999999,0.6599884275,0.4853260175000002,2.250627675,0.3988533525000001
119,2.41,6.5,0.1479845975,0.9935286550000001,91.4,2.281241475,49.94874750000001,2.376815,0.5160326325,1.100000000000009,0.3814298549999999,1.5,214.142857142857,0.1338487325,0.1066459125,2.365174300000001,0.3970291475000001,2.468745825,0.4620734075000001,0.6599219325000003,0.483777545,2.251283875000001,0.4003544274999999
120,2.65,3.2,0.1541778275,0.9936255425000002,90.6,2.28132675,50.023917,2.375480375,0.5211971524999999,1.599999999999994,0.3819023425,1.44,214.142857142857,0.1397797025,0.107063685,2.3637356,0.4018149824999999,2.469698950000001,0.4548694074999998,0.66005967,0.4773342225,2.25165425,0.414322345
121,1.84,3.2,0.15825645,0.9950355225,90.3,2.278653475000001,50.00615875,2.374426725,0.522448565,1.100000000000009,0.3812787150000002,1.16,214.142857142857,0.1435702675,0.1068941525,2.36235825,0.3985089649999999,2.4692706,0.4699077849999999,0.6600705024999999,0.4922330375,2.251047525,0.4123093374999999
122,2.36,3.2,0.1571945550000001,0.99306281,90.8,2.281288600000001,50.0428525,2.376986875,0.5192223950000001,1.200000000000003,0.3818839849999999,1.59,259.714285714286,0.142152185,0.1067144975,2.365476425,0.3971654149999998,2.473533,0.4702508174999999,0.6600464525000002,0.4852517625000001,2.251846825,0.4161433999999999
123,3.02,3.2,0.16171464,0.9931782849999999,90.1,2.27944375,49.99755849999998,2.37517275,0.5315995574999999,1.200000000000003,0.3819389699999999,1.3,259.714285714286,0.146742915,0.10684786,2.363590475,0.4000752575,2.468752525,0.4705936025,0.66014351,0.4750070275000001,2.250362775,0.4162706350000001
124,2.17,3.2,0.1569752549999999,0.9925736000000001,90.2,2.28064765,50.04596975,2.3760673,0.5179150700000001,1.300000000000011,0.3825325649999999,1.35,279.571428571429,0.1420724775,0.1067752225,2.364878925,0.39975114,2.466412725000001,0.4634917450000001,0.6600500300000001,0.47299532,2.251076025,0.4332989525000001
125,2.67,3.2,0.158115445,0.9934263874999996,90.1,2.2785492,49.98553425,2.37538635,0.5215493850000001,1.099999999999994,0.3811728275,1.21,279.571428571429,0.1432356325,0.10681472,2.3635293,0.3997983525,2.459103249999999,0.4611647650000001,0.6599645300000001,0.4824241225,2.250354975,0.4113591475
126,2.21,3.2,0.1560064125000001,0.9926561075,90.1,2.280253875000001,50.03407650000001,2.375055849999999,0.5289666224999998,1.099999999999994,0.37981301,1.57,279.571428571429,0.14144262,0.1066832625,2.363885975,0.39772476,2.455327,0.47332885,0.6598791974999998,0.475164885,2.2510563,0.3982627625000001
127,2.32,3.2,0.153452905,0.9929151175000003,89.6,2.277609450000001,49.9997485,2.374117425,0.5275573575,1.099999999999994,0.378466055,1.31,248.0,0.138820915,0.1071195475,2.3626709,0.4013720625,2.462048950000001,0.4679884925,0.6599201625000001,0.4733196325,2.250034324999999,0.4042463699999999
128,2.08,3.2,0.1576039675,0.9914432900000001,89.6,2.279353,50.01458299999999,2.375050775,0.5230051849999998,0.9000000000000057,0.3832296424999999,1.03,248.0,0.1430462974999999,0.1069896475,2.363556,0.4006897025,2.463721824999999,0.493531295,0.6599409375000003,0.4796055174999999,2.249509949999999,0.4005363975000001
129,3.09,3.2,0.1603548449999999,0.9926464074999999,89.7,2.280347575,50.00408099999999,2.374794975,0.5172847049999999,1.400000000000006,0.3813204425,1.53,248.0,0.145319215,0.10706308,2.3629591,0.4007108425,2.460957974999999,0.4780388175000002,0.65998843,0.4732267775,2.2509788,0.3934827875
130,1.98,3.2,0.15495374,0.9923368575,89.4,2.279198675,50.00882175,2.372767850000001,0.52329238,1.600000000000009,0.3813498349999999,1.4,248.0,0.1404282275,0.1070266975,2.360653725,0.3998144925,2.46932345,0.4627780949999999,0.6600246325000001,0.4790031449999999,2.2500272,0.399318655
131,2.47,3.2,0.1548430375,0.993032475,89.1,2.27928395,49.969529,2.373944400000001,0.5245439275,1.509999999999991,0.3816500549999999,1.64,248.0,0.1404761775,0.1067911025,2.362023325,0.3998753425,2.46305145,0.4711687075,0.6600659025000001,0.47440421,2.2507354,0.3960264025
132,2.53,3.2,0.158085675,0.9919647499999998,89.4,2.277627250000001,49.98006999999999,2.373585525,0.5349280024999999,1.310000000000002,0.3831220774999999,1.3,248.0,0.14346053,0.1071003275,2.36146195,0.399620895,2.469356724999999,0.47380193,0.66005165,0.4754428225000001,2.250522375,0.3943344575
133,2.14,3.2,0.1616428625,0.99338812,89.2,2.279049625,49.99110025,2.372193125,0.5235241425000002,1.310000000000002,0.3811147025,1.15,248.0,0.146502625,0.106518785,2.360221949999999,0.3995746225000001,2.46039275,0.4721328125000001,0.6599349949999999,0.4724203074999999,2.251154425,0.3978557925
134,2.33,3.2,0.15693861,0.9924792349999999,89.2,2.2767679,49.9996835,2.371161125000001,0.5369308974999999,1.810000000000002,0.3811355549999999,1.43,172.428571428571,0.1421178375,0.1065271975,2.359276775,0.398392,2.461322399999999,0.4714282499999999,0.6600519425000001,0.4737274399999998,2.250695625,0.3949997200000001
135,2.54,3.2,0.1577250925,0.9935719949999999,88.6,2.2788074,49.97991249999999,2.3749624,0.5289666375,1.509999999999991,0.3816783349999999,1.36,172.428571428571,0.1429845074999999,0.1069212275,2.362575275,0.4000946375000002,2.464452825,0.4799485449999999,0.6599931749999999,0.4671635325,2.25108965,0.40480841
136,2.33,3.2,0.159807765,0.9931905925000001,89.1,2.278197625,50.00896999999998,2.369939975,0.5192130275,1.509999999999991,0.3796045750000001,1.44,172.428571428571,0.1444966875000001,0.1068317575,2.358006225,0.3981179850000001,2.46289785,0.4690823975000001,0.6600264275,0.4723276100000001,2.250241050000001,0.4095180774999999
137,1.65,3.2,0.16129173,0.9930948125000001,89.3,2.277846725,49.98792774999999,2.372236999999999,0.52023294,1.709999999999994,0.3821758624999999,0.97,172.428571428571,0.1458884525,0.106714235,2.360271,0.4011792850000001,2.458634275,0.4693885075000001,0.6599465750000001,0.4795221475,2.24978345,0.408280595
138,2.15,3.2,0.157683595,0.9930486599999998,88.4,2.278261125,49.97858524999999,2.37139975,0.5207798950000001,0.8100000000000023,0.3828696099999999,1.03,172.428571428571,0.142433535,0.106707375,2.3588853,0.3986076675,2.471397925000001,0.47899378,0.6600852099999999,0.482322035,2.250076924999999,0.3991275925
139,2.48,3.2,0.1575217925,0.9944287450000001,88.5,2.277223750000001,49.97971649999999,2.371096075,0.5288460625,1.409999999999997,0.3808802075,1.43,153.428571428571,0.142482895,0.10707855,2.35906095,0.3973732874999999,2.4605653,0.4818121450000001,0.6599761125000001,0.474812355,2.2501274,0.40550964
140,2.21,3.2,0.156364355,0.9929093675,87.6,2.280646225,50.03008575,2.37441275,0.5198992450000001,1.0,0.3797316900000001,1.17,153.428571428571,0.1415021875,0.107461345,2.36295575,0.3988748249999999,2.463196025,0.4782521525,0.6600121774999999,0.4813024175,2.251942950000001,0.4018796125
141,2.45,3.2,0.160647215,0.9929835324999999,85.3,2.271794400000001,50.03267474999999,2.3662956,0.5255547825,0.2000000000000028,0.3823898725000001,1.27,153.428571428571,0.14563666,0.107230245,2.3540101,0.3991448525,2.449868450000001,0.4717713624999999,0.6600727375000001,0.4798188850000001,2.25131535,0.4118215824999999
142,2.49,3.2,0.157280475,0.9930903275,88.7,2.274671000000001,49.998419,2.369811025,0.5261543000000001,1.510000000000005,0.379570175,1.16,126.857142857143,0.1426500875,0.106465205,2.35733865,0.3994926650000001,2.459439775,0.4759268425,0.6598774725000001,0.473626605,2.24914385,0.3954775149999999
143,2.41,3.2,0.1596670525,0.9921091675,88.6,2.27783135,49.966041,2.371674575,0.52513764,1.509999999999991,0.37878698,1.02,126.857142857143,0.1444858225,0.1067454725,2.35974355,0.3993547725000001,2.461435875,0.472281185,0.6599667575000001,0.454591215,2.250639200000001,0.3944882374999999
144,2.45,3.5,0.156854605,0.9931270449999999,88.7,2.276949599999999,50.014787,2.370388925,0.5165801449999999,1.209999999999994,0.3789596225,1.49,126.857142857143,0.1422253125,0.1071829125,2.3583116,0.399840275,2.457961674999999,0.4635941025,0.6599388425000001,0.4477771024999999,2.250078449999999,0.4030487575
145,2.51,3.2,0.15962571,0.9933890550000003,89.0,2.278949425,50.03155199999999,2.373411374999999,0.5251466475,1.5,0.37903927,1.18,99.57142857142861,0.1443775625,0.1071832775,2.36049785,0.4011474674999999,2.458538599999999,0.470408385,0.6600335500000001,0.4484721800000002,2.25197475,0.4142327499999999
146,2.65,3.2,0.1543574775,0.9941483999999997,88.4,2.27534895,50.00797625,2.363230325,0.5156157874999999,1.210000000000008,0.3786979475,0.99,99.57142857142861,0.1395089675,0.1078045300000001,2.352211575000001,0.3992301874999999,2.452705675,0.4683872649999999,0.65999451,0.4494271424999999,2.25005285,0.3942969875
147,1.88,3.2,0.16468556,0.9935592725,88.7,2.328253275,50.02021574999999,2.413788450000001,0.5246740074999998,1.400000000000006,0.3792416725,1.12,99.57142857142861,0.1497343075,0.1072780625,2.402651349999999,0.39896981,2.4958865,0.4707790975,0.6599526625000001,0.4635661074999999,2.300401449999999,0.399164155
148,2.73,3.2,0.162753685,0.9929918649999998,88.2,2.3260266,50.00663225,2.408971375000001,0.5359201,1.800000000000011,0.379195035,1.76,99.57142857142861,0.148122585,0.1073305875,2.39794485,0.3996589300000001,2.4887384,0.4720491975000001,0.66004973,0.452699975,2.300103300000001,0.396932435
149,2.73,3.2,0.1647448225,0.9917553624999998,88.2,2.327595,50.02279475,2.411693350000001,0.5298381025,1.100000000000009,0.38024193,1.76,99.57142857142861,0.1499491225,0.107436275,2.4005985,0.400082205,2.493073775,0.4794480075,0.6600089100000001,0.4468867525,2.30026525,0.3997918349999999
150,2.24,3.2,0.167620025,0.9948957100000003,87.8,2.32458235,49.965475,2.40843275,0.5188421575,1.809999999999988,0.3796974775,1.07,126.571428571429,0.153206955,0.106908735,2.396869975,0.4004949925000001,2.484468000000001,0.4679607399999999,0.6500803100000001,0.45868014,2.30039285,0.3946458
151,2.53,3.2,0.1819078675,0.9934565675,87.9,2.322151225000001,50.00248474999999,2.410409925000001,0.527793315,1.320000000000007,0.379167995,1.08,126.571428571429,0.16496794,0.1075156275,2.396588,0.4000855175,2.490587075,0.472205325,0.6500667675,0.456487175,2.3002189,0.4018009774999999
152,2.4,3.2,0.1628113575,0.993424035,87.5,2.319082625,49.99394075,2.402524199999999,0.5266579675,1.820000000000007,0.3787782525,1.22,126.571428571429,0.14791719,0.10665377,2.390946375,0.3981999875,2.483720975,0.46838719,0.6498989300000001,0.4629727325000001,2.298919225,0.4030690725
153,1.55,3.2,0.1573113825,0.9909408875000001,88.6,2.2397494,50.00621550000001,2.352371775,0.5283950775000001,1.420000000000002,0.3793368375,0.93,307.571428571429,0.1431536175,0.107193335,2.343719275,0.3983952199999999,2.419252025,0.4571286375,0.6600173674999998,0.4636024750000001,2.220595075,0.4066455074999999
154,1.89,3.2,0.161456215,0.9936262675,89.1,2.2946454,49.66276549999998,2.374185274999999,0.5320353675,1.420000000000002,0.3789099125,1.14,307.571428571429,0.1473392525,0.106864915,2.362909475,0.3999891600000001,2.45815975,0.4750254075000001,0.6499721075,0.4467849775,2.269727525,0.4112913575
155,2.52,3.2,0.16344023,0.9941752825,89.8,2.33224175,49.97236875,2.426431375,0.5343069400000001,1.319999999999993,0.3796433249999999,1.0,313.0,0.1495926325,0.105795585,2.4137248,0.3995834175,2.50811275,0.470269395,0.6600903825000001,0.4522272350000001,2.300231475,0.4105599750000001
156,1.9,3.2,0.166185875,0.9937563475,90.4,2.336223425,49.99260450000001,2.429529025,0.5256659499999999,1.420000000000002,0.3794637225,1.03,313.0,0.151164755,0.106514735,2.41812525,0.3996585599999999,2.512090925,0.46444693,0.6599372299999999,0.4550365625,2.301263899999999,0.4273534475
157,1.9,3.2,0.1748013125,0.9946925875,89.2,2.332851075,49.96192199999999,2.428190925,0.5271215250000001,1.120000000000005,0.3811865575,1.12,313.0,0.1595860425,0.1068476625,2.416513675,0.3992770275,2.507312625,0.4709184575000001,0.660020775,0.4539052475000001,2.301149625,0.4094548275
158,2.82,3.2,0.16999443,0.9964672199999999,89.4,2.335349675000001,49.988363,2.426746199999999,0.5145401950000001,1.220000000000013,0.3791267899999999,0.98,312.571428571429,0.1543727825,0.1068240375,2.41558625,0.4007041775,2.5065895,0.4695462674999999,0.6600069825000001,0.475229565,2.301669250000001,0.3969866925000001
159,1.9,3.9,0.1629636125,0.99344816,89.4,2.3360821,49.99739100000001,2.4251818,0.5097933375,1.02000000000001,0.3791937375,0.97,312.571428571429,0.1474057725,0.1066976525,2.41524415,0.4002832175,2.4991838,0.4625184000000002,0.6600224149999999,0.485761845,2.299526725,0.3963685425000002
160,3.97,3.4,0.1699069225,0.9952516175000004,90.2,2.333735175000001,49.97215499999999,2.411220475,0.4995856699999998,1.310000000000002,0.380272705,2.41,225.857142857143,0.1535414975,0.1073121525,2.400115024999999,0.4024602375,2.4808592,0.4646507424999999,0.659999555,0.4957749149999998,2.301206,0.4063092050000001
161,3.61,4.6,0.17091116,0.9945650675,90.0,2.329336625,49.993773,2.406521875,0.50754039,1.209999999999994,0.3802730874999999,1.46,225.857142857143,0.1545950125,0.1072151425,2.395470250000001,0.39886694,2.461681700000001,0.4608218650000001,0.6596385875000002,0.485381635,2.301056775,0.4008270675
162,4.91,3.4,0.16912508,0.9952868750000002,89.8,2.330167425,49.99417150000001,2.408635299999999,0.5146886224999999,1.140000000000001,0.38040205,1.51,208.0,0.1530002725,0.10706241,2.396769250000001,0.3990879825,2.469321675000001,0.4584297525,0.6600458575000001,0.492288745,2.298547325,0.4170146325
163,2.84,3.2,0.16671445,0.9944934725,88.8,2.3310774,49.97496625000001,2.407141825,0.4919689099999999,1.009999999999991,0.3802720575000001,1.34,208.0,0.1508715725,0.1070988815,2.395890924999999,0.3976485125,2.471132975000001,0.45364571,0.66013729,0.4935126924999998,2.299393975,0.4270318275000001
164,3.44,3.2,0.16873072,0.9944470175000001,89.3,2.332578725,50.02086425,2.410534625,0.5019820575,1.009999999999991,0.379933125,1.3,208.0,0.1526293375,0.1071638175,2.39951285,0.3983651825,2.492951925,0.457692765,0.6600187550000001,0.4899480350000001,2.300046125,0.4275467
165,4.44,3.2,0.16965579,0.9950413075000002,89.7,2.332289674999999,49.99315975,2.410623800000001,0.5082635425,1.510000000000005,0.381308095,2.35,254.428571428571,0.1551802125,0.106482785,2.399646275,0.4035408624999999,2.506952125,0.46088211,0.6602039124999999,0.4882883275,2.299223275,0.431446605
166,3.45,3.2,0.1703015125,0.9950338850000001,89.6,2.3329705,50.00332875000002,2.408864475,0.5014397800000001,0.6099999999999852,0.3795232575,1.35,254.428571428571,0.1559960375,0.1064678025,2.398573424999999,0.4013982025,2.491996125,0.4607105624999999,0.6599323124999998,0.4962106975,2.300236925,0.4269774775
167,3.58,3.2,0.1705656525,0.9948634325000004,89.5,2.3319527,49.95089900000001,2.40974515,0.5016067700000001,1.009999999999991,0.3796587999999999,1.38,254.428571428571,0.15634738,0.1064457775,2.3982374,0.3978306150000001,2.497138725,0.4570946499999999,0.6600618850000001,0.4813673700000001,2.29951,0.4283481575
168,3.2,3.2,0.1691863425,0.9942820075000002,89.0,2.3316788,50.004232,2.408554274999999,0.4874379749999999,1.109999999999999,0.3801705225000001,1.22,232.571428571429,0.1523303974999999,0.10717619,2.39766175,0.39770819,2.495883650000001,0.4589042675000002,0.6599628025000002,0.4605066324999999,2.2997679,0.4267662124999999
169,3.15,3.2,0.1831891,0.9943604400000001,88.7,2.333195725,50.02171775000001,2.411336249999999,0.4811956725000001,0.980000000000004,0.3792890974999999,1.17,232.571428571429,0.1691819475,0.10721712,2.4000627,0.3997143475,2.4987891,0.4623562574999999,0.66007435,0.4665886149999999,2.300863375,0.421057565
170,3.73,3.2,0.1688846975,0.9946378000000001,89.1,2.332439825,49.9917785,2.409823325000001,0.4841904424999999,0.9399999999999977,0.37941653,1.62,232.571428571429,0.1542019775,0.1069006675,2.398926125,0.4039894050000001,2.495016725,0.4604695350000001,0.6600934325,0.4677194124999999,2.3008057,0.3970264275
171,3.73,3.2,0.1660995275,0.9942088774999999,89.0,2.3332238,50.00465325,2.409951375,0.4788843800000001,0.9200000000000017,0.3821998400000001,1.37,232.571428571429,0.151246265,0.1070860625,2.39916895,0.4002801499999999,2.4920826,0.446610405,0.6600323950000002,0.47002084,2.300760175,0.39735426
172,3.58,3.2,0.1668017125,0.9950893925,89.8,2.33372675,49.9839375,2.410802149999999,0.4825444775,1.719999999999999,0.3789122324999999,1.68,232.571428571429,0.1523210074999999,0.10695611,2.40006545,0.3983548924999999,2.496679874999999,0.4624997499999999,0.6599621525000001,0.46136886,2.301005875000001,0.4001894375
173,4.33,3.2,0.1702434125,0.9944977700000003,89.4,2.331536825,50.00289749999999,2.4089108,0.4867685425,1.210000000000008,0.37984512,1.55,232.571428571429,0.1555181375,0.1065046775,2.39832205,0.3986826199999999,2.4951933,0.4384108725,0.65996036,0.4692902524999998,2.2999976,0.4042153450000001
174,4.33,3.2,0.16722156,0.9946612949999997,89.9,2.33147935,50.01004575,2.408486325,0.4832167600000001,1.040000000000006,0.3802266249999999,1.55,232.571428571429,0.1539997275,0.106512855,2.3975556,0.40027176,2.49313865,0.4340181275000001,0.6601275649999999,0.46728862,2.299198624999999,0.4095458125000001
175,5.07,3.2,0.1754893249999999,0.9947039574999998,90.1,2.332490300000001,49.99421325,2.409773725,0.48142733,1.139999999999986,0.3801821649999999,2.29,231.428571428571,0.1591208075,0.1066387675,2.39916375,0.4029998750000001,2.490300524999999,0.4338051025,0.6601267500000001,0.4730926575000001,2.300973700000001,0.407639485
176,3.44,5.3,0.170738005,0.9947550875000003,90.2,2.33217395,49.98078599999999,2.413065274999999,0.48551876,1.040000000000006,0.3802152424999999,1.38,231.428571428571,0.155061575,0.10688584,2.401575525,0.4027048974999999,2.500092625,0.4311865924999999,0.660009155,0.4648940025000001,2.299805374999999,0.4095480325
177,3.22,5.1,0.1714125275000001,0.9952861425000001,89.8,2.3339809,50.00956600000002,2.40965425,0.48322153,1.140000000000001,0.3793963674999999,1.47,231.428571428571,0.1549330825,0.1061431,2.398954249999999,0.3993988500000001,2.49540535,0.4338513375,0.660005085,0.4731174650000001,2.30005485,0.4082852224999999
178,3.48,4.3,0.1722833475,0.9943224325,90.1,2.331590425,50.00638675000001,2.414109725,0.50407288,0.539999999999992,0.380160795,0.9,231.428571428571,0.155536815,0.10661509,2.40194875,0.3990012950000001,2.49562585,0.43146834,0.6601785499999998,0.469448825,2.299056525000001,0.41637717
179,6.81,3.2,0.1698346775,0.9942006849999998,89.8,2.33120045,50.01789175,2.408936425,0.4794897075000003,1.339999999999989,0.3801757675,3.97,231.428571428571,0.15345089,0.106655605,2.397959849999999,0.397985985,2.497137649999999,0.4467845974999999,0.6601175275,0.4695881300000002,2.300627775,0.4122263224999999
180,1.58,3.4,0.1712721025,0.9942879900000005,90.0,2.3309155,50.00605725000001,2.408632574999999,0.5006609375,1.239999999999995,0.3808915225,0.6,231.428571428571,0.1546216725,0.1064420325,2.397636025,0.40210448,2.4991287,0.443048495,0.6598971325,0.46897144,2.300673725,0.41335734
181,1.58,3.5,0.17063745,0.9944154875000002,89.7,2.332241750000001,49.99114700000001,2.41013065,0.4793273125,1.439999999999998,0.379986575,0.6,231.428571428571,0.155040215,0.1063247375,2.399279975,0.3979601,2.49232775,0.441147765,0.660001325,0.46997258,2.29981915,0.414879655
182,2.54,3.2,0.172428835,0.9949446325,89.4,2.36218125,50.00243825,2.4504416,0.4920012300000001,1.040000000000006,0.3803132225,0.96,188.428571428571,0.15536959,0.1064646475,2.437729899999999,0.3985162124999998,2.5331426,0.4379954075000002,0.6599501050000002,0.4600336275000001,2.329856125,0.4191036225000001
183,2.71,4.1,0.17688208,0.9949408074999999,89.9,2.361866375,49.97488274999999,2.449068275000001,0.4854096599999999,1.040000000000006,0.3799702074999999,1.07,188.428571428571,0.159538405,0.10613656,2.4362887,0.403487435,2.549039700000001,0.4305181349999999,0.6600306549999999,0.4684519975,2.3305336,0.4192700150000001
184,3.25,5.1,0.176277505,0.9929363050000001,89.1,2.32970465,49.99287825,2.4105739,0.4976013900000001,0.4399999999999977,0.3800014975000001,1.26,188.428571428571,0.1578782325,0.1063142425,2.399396824999999,0.3966436350000001,2.496418325,0.4427239749999998,0.6598787425,0.4671681975000001,2.300452974999999,0.4180088175000001
185,5.6,3.2,0.1711467475,0.9941193374999999,90.1,2.330766175,49.99924275000001,2.416158025,0.4825850549999999,1.139999999999986,0.3801142225000001,3.34,162.285714285714,0.1571765599999999,0.106609795,2.404360800000001,0.4015773925,2.510731525,0.4345311625,0.660055295,0.4634826524999999,2.30095465,0.4190666849999999
186,6.04,5.3,0.1672197375,0.9937724700000002,88.8,2.32740925,49.98565449999998,2.406162675,0.4931231225,1.140000000000001,0.3801905600000001,3.81,162.285714285714,0.1535904325,0.107160655,2.394457425,0.4019066374999999,2.500214600000001,0.4382396649999999,0.6479715675,0.46507448,2.30043945,0.4241065825
187,6.33,3.2,0.1809817925000001,0.9980828049999998,88.3,2.24480495,50.2610135,2.326362825,0.4946445075,1.140000000000001,0.380263,3.81,162.285714285714,0.164109735,0.106732965,2.315277375,0.397397965,2.414547375,0.4421367275,0.6390482074999999,0.46897996,2.2080329,0.4288522250000001
188,6.38,3.2,0.157037575,0.991460425,87.3,2.219413224999999,49.98648925000001,2.294744174999999,0.4753499725,1.339999999999989,0.37865601,1.61,167.0,0.1549310225,0.1070475975,2.28283295,0.4493899175000001,2.388421825,0.674768875,0.6600093499999999,0.5526549024999999,2.188971375,0.3904082875
189,5.54,3.2,0.1641960325,0.9909849900000001,87.5,2.261612025,50.02775325,2.34057175,0.4768657850000001,0.9399999999999977,0.376831895,3.45,167.0,0.1612989725000001,0.107304915,2.32785875,0.4500008925000001,2.436717675,0.6760342225,0.6599828500000002,0.5627747924999998,2.231180375,0.3861597925
190,6.17,3.2,0.1601950725,0.9917087650000003,87.5,2.2640568,50.01028749999999,2.34627155,0.4669130225,1.340000000000003,0.3670330924999999,4.36,167.0,0.1577888025,0.1072072875,2.33215905,0.4513889275,2.4492665,0.6654789125,0.6599977924999999,0.5783646174999999,2.231159425,0.3774035249999999
191,6.33,3.2,0.1623176425,0.9914223925,87.8,2.275341125,49.98993174999998,2.357075225,0.4765277249999998,1.509999999999991,0.379450105,3.87,307.285714285714,0.159579395,0.10612448825,2.343039,0.4509013750000001,2.450338025,0.6631794049999999,0.6599770074999998,0.58501246,2.24979375,0.3981196475
192,5.94,4.8,0.1619938,0.9920236274999998,90.6,2.320690625,49.9706435,2.399484425,0.4705473824999999,1.509999999999991,0.3792579825,3.7,307.285714285714,0.1595689725,0.1050960975,2.385232375,0.4499667025000001,2.4963655,0.672348865,0.6599827875,0.5542589900000001,2.28473395,0.3977862324999999
193,9.37,3.2,0.16821514,0.99223416,90.2,2.315750925000001,50.00740275,2.397071725,0.4661992625,0.7099999999999937,0.3698896975,2.47,307.285714285714,0.164866795,0.1054130125,2.381479475,0.4503704075,2.49632045,0.6585716975,0.6599872450000001,0.5604244825,2.280710375,0.3795544675000001
194,3.82,6.5,0.16399113375,0.99247064,90.4,2.33920935,50.0118825,2.42383335,0.4776123725000002,0.710000000000008,0.3792036400000001,3.58,244.0,0.16126544775,0.1041735115,2.407286650000001,0.452004215,2.529618325,0.670281285,0.6599589000000001,0.5616297750000001,2.30006115,0.4384132725000001
195,5.63,5.3,0.1677271425,0.9922986075000002,90.3,2.337250399999999,49.993022,2.419557425,0.45618616,1.209999999999994,0.379236195,3.6,244.0,0.1648073025,0.104973911,2.403156375,0.4476099200000001,2.520976950000001,0.6692059075,0.6599998575000001,0.5574023125,2.299859875,0.4048041374999999
196,5.16,3.2,0.17486147,0.9915503974999998,89.3,2.347658049999999,50.00676225000001,2.43597945,0.4838334275000001,1.009999999999991,0.3791028675000001,3.11,244.0,0.17131803,0.10548742775,2.417591225,0.4514968000000001,2.544100375,0.6676204924999999,0.65986851,0.5992346825,2.310442000000001,0.398116865
197,4.3,3.2,0.1704553525,0.9913874,89.9,2.3472649,49.98837325,2.43517225,0.480449285,1.409999999999997,0.3792567750000001,2.86,253.0,0.167388465,0.106158755,2.417499975,0.44833003,2.54198195,0.6822786925,0.6600749524999998,0.5727738475,2.310002900000001,0.4109897575
198,3.88,3.2,0.170278745,0.9918200550000001,89.4,2.361739225,50.0501355,2.44874475,0.4855392374999999,1.109999999999999,0.37867774,2.04,253.0,0.1676089225,0.10542429,2.431159775,0.4497155975000001,2.55388595,0.6619001425000002,0.6599893124999998,0.5736548174999999,2.3303066,0.3937467375
199,5.51,7.5,0.1696308825,0.9920600224999998,90.0,2.3669281,49.97645075000001,2.45336275,0.481858655,1.310000000000002,0.3789998450000001,3.41,253.0,0.166064245,0.1052659275,2.4356987,0.4478394100000001,2.55693005,0.6605277,0.660007715,0.566487985,2.330104775,0.52616996
200,4.11,3.2,0.1705498525,0.9925191100000001,89.9,2.367617250000001,49.9882525,2.452314175000001,0.4745247224999999,1.409999999999997,0.3801416849999999,3.61,288.857142857143,0.1670113625,0.1047951425,2.43506505,0.4509090674999999,2.561711075,0.6666841875,0.6600204874999999,0.5604986375000001,2.3302348,0.4677099599999999
201,5.87,3.2,0.1696324125,0.9921657425000001,89.7,2.373408525,49.92288000000001,2.46178035,0.4792904375,1.209999999999994,0.37931982,1.04,288.857142857143,0.16592638,0.104935955,2.443611824999999,0.4485829825000001,2.569973000000001,0.6572275324999997,0.6599761024999999,0.574711725,2.336097250000001,0.407803695
202,5.55,3.2,0.1686129775000001,0.9919338999999999,89.7,2.386757149999999,50.0235545,2.47024185,0.470315645,1.310000000000002,0.3780937075,3.46,288.857142857143,0.16532975,0.1047273275,2.451770199999999,0.4506356075,2.574951500000001,0.656615575,0.6600326675,0.578791145,2.35023705,0.397433715
203,9.01,3.2,0.168413375,0.9921186924999998,89.7,2.387742499999999,49.99658325,2.475155375,0.485298385,1.409999999999997,0.37885595,6.95,288.857142857143,0.16480177,0.1052883725,2.45690445,0.4499433349999999,2.5807906,0.6610747375000001,0.6596381600000001,0.5574483625,2.350358425,0.4018010725000001
204,4.96,4.0,0.1808208549999999,0.9920106375,89.7,2.386880275,49.94044425000001,2.4770885,0.4760454425000001,1.409999999999997,0.3789058325,2.91,310.714285714286,0.1753580475,0.105538915,2.458066025,0.44821973,2.589440199999999,0.6613158225,0.6600250874999997,0.5674801025,2.349600225,0.40980328
205,9.64,5.0,0.1698202200000001,0.9905378575,89.6,2.35752415,50.17372675,2.449427375,0.47939242,1.309999999999988,0.3733922649999999,7.62,310.714285714286,0.1674144025,0.10545860375,2.4305523,0.4503623350000001,2.555485425,0.6751024675000001,0.65995652,0.57116999,2.32026135,0.3875547175
206,5.6,3.2,0.1705933175,0.9916885775000001,89.2,2.3576028,49.99436625,2.444104375,0.4789009400000001,1.109999999999999,0.3741638975,3.71,310.714285714286,0.1680608375,0.1056184175,2.426581274999999,0.4489558825000001,2.553175525,0.6832982750000001,0.6600108299999998,0.5620748375,2.3193796,0.4161310625
207,4.67,3.2,0.17353138,0.9915993000000002,89.4,2.355479874999999,50.00532475000001,2.446224125000001,0.4898598699999999,1.409999999999997,0.374154435,4.6,310.714285714286,0.1709830525,0.10512627125,2.4283915,0.4526188424999999,2.54994335,0.6737676450000002,0.6601423575,0.5656352525000001,2.31957625,0.39116426
208,5.45,5.200000000000001,0.1722272225,0.991338485,89.4,2.306966725,50.0051745,2.388403625,0.4832029600000001,1.010000000000005,0.3739959775,3.69,354.9999999999999,0.1696111825,0.10482856,2.372068799999999,0.4505812400000002,2.4861209,0.6660999975000002,0.6599995649999998,0.56012794,2.271033475,0.3884615749999999
209,5.43,3.6,0.1721201125,0.99073422,90.0,2.286815775,49.992641,2.371134974999999,0.4837314149999998,1.009999999999991,0.3738960175,1.24,354.9999999999999,0.16976535,0.10443553325,2.354722875,0.4496149675000001,2.470205624999999,0.6624192799999996,0.6599962949999998,0.5697794575000001,2.259917174999999,0.3969400275
210,5.31,9.799999999999999,0.1858144624999999,0.99156709,91.1,2.296098149999999,49.99254075,2.383726975,0.4844051275000001,1.11999999999999,0.3740841425000001,3.12,354.9999999999999,0.182375105,0.104370245,2.361901075,0.4501945724999999,2.48039195,0.6662776575,0.66000772,0.5668431325,2.26022215,0.40691142
211,4.91,7.3,0.17122875,0.9914147549999999,90.9,2.306469275,50.02554025000001,2.3878529,0.4811262350000001,1.120000000000005,0.37421349,3.73,354.9999999999999,0.168849365,0.1053927275,2.3710546,0.4491803575000001,2.491946700000001,0.6561794475,0.6599531100000001,0.5688336199999999,2.270293549999999,0.41565926
212,8.72,6.9,0.1667810975,0.9910915500000002,90.9,2.324722925,50.0115125,2.40463915,0.4815250050000002,1.140000000000001,0.3744234974999999,2.51,226.0,0.1645495,0.10535073825,2.3882065,0.4510074925000001,2.5132904,0.6726270300000001,0.6600099475000001,0.5603041049999999,2.288944325,0.4218704774999999
213,7.35,9.9,0.1713143025,0.9910426175000001,91.0,2.304498825,50.02291449999999,2.381159775,0.4852983425,1.140000000000001,0.3741050075,5.19,226.0,0.1690092875,0.10539291,2.366867200000001,0.4479924574999999,2.489674074999999,0.6637823275,0.6600041624999999,0.5681939450000001,2.269206150000001,0.4118968825000001
214,3.0,3.5,0.172515325,0.99100482,91.0,2.305069975,50.00212225,2.388487075000001,0.4920386450000001,1.219999999999999,0.3741663900000001,1.84,226.0,0.1703194125,0.1060032225,2.372329675,0.4498699599999999,2.49129695,0.6647741574999999,0.6600206375000001,0.5685001249999999,2.2698601,0.4154234150000001
215,6.37,3.2,0.16942413,0.991446285,90.8,2.306655875,50.02941825000001,2.386440324999999,0.4921033175000001,1.219999999999999,0.3740818300000001,3.22,213.142857142857,0.1672727575000001,0.10697128,2.371811175,0.4500566774999999,2.4918026,0.6603331525,0.66008223,0.5639939475,2.271104825000001,0.4234754374999999
216,1.71,3.2,0.166636485,0.9924690199999999,90.8,2.306717,50.03487425000002,2.417091325,0.4809962474999999,1.319999999999993,0.374067085,1.07,213.142857142857,0.164343145,0.10673112,2.374400824999999,0.4520133025,2.4908957,0.66934512,0.6600313250000001,0.5820084125,2.270345125,0.444500395
217,7.44,3.4,0.166161105,0.9918703524999998,90.7,2.316163774999999,50.00748625,2.418251199999999,0.4841208075,1.219999999999999,0.3742859050000001,2.88,213.142857142857,0.1640321625,0.10691525775,2.382759575000001,0.4521394500000001,2.50617215,0.6771330499999999,0.6600794050000001,0.5614907249999999,2.2796946,0.4216960300000001
218,7.81,4.2,0.17221862,0.99199789,90.7,2.313074299999999,50.0230735,2.427041600000001,0.4863690149999999,1.120000000000005,0.374181975,2.85,213.142857142857,0.1695222100000001,0.10463838,2.3807969,0.4504147475,2.4967082,0.6810735600000002,0.6600270149999999,0.5611521049999999,2.2802951,0.4270201374999999
219,6.61,4.8,0.1668799325,0.9925163274999997,90.4,2.334993949999999,50.004906,2.417864649999999,0.4796981425000002,0.9200000000000017,0.3742237875,1.55,261.857142857143,0.1647310425,0.106090685,2.402009325000001,0.4508897774999999,2.529704475,0.663809705,0.6599844199999999,0.5751383175000001,2.300177225,0.42598761
220,7.15,3.2,0.173547705,0.9918824900000003,91.0,2.333185125,49.84377975,2.436159025,0.4723859874999999,1.219999999999999,0.3744049775,1.21,261.857142857143,0.1721094125,0.1058198275,2.39966325,0.4499078049999999,2.522945924999999,0.67994149,0.6599367774999998,0.5610211075,2.300321875,0.4240959925
221,2.16,4.0,0.1686957825,0.9921105550000002,90.6,2.350822800000001,50.00704999999998,2.43155505,0.4901009399999999,1.420000000000002,0.3741139174999999,1.72,261.857142857143,0.16643746,0.1043664925,2.415591200000001,0.4503596475,2.540320225000001,0.6593504475,0.6599878475,0.5723569624999999,2.320006275,0.4355732449999999
222,5.7,3.2,0.1706239825,0.9919865299999998,90.5,2.350843500000001,49.99524875,2.432195975,0.4974065625,1.320000000000007,0.3741699174999999,1.07,261.857142857143,0.1678273675,0.1039146275,2.4160569,0.45012867,2.543645850000001,0.6582471999999999,0.659974925,0.5712720925,2.320488425,0.4353852549999999
223,2.38,4.1,0.18639594,0.9921411599999999,90.1,2.3521913,50.00169674999998,2.432863525,0.48992457,1.019999999999996,0.3791119425,2.15,194.142857142857,0.1693746075,0.105567595,2.416493725,0.45035167,2.542880375,0.6622059850000002,0.6600236024999999,0.5625660625,2.320308875,0.43560199
224,1.68,5.4,0.1818031275,0.9915617624999997,90.4,2.35290855,49.99131375000001,2.435918225,0.4767965099999999,1.320000000000007,0.37903109,1.0,194.142857142857,0.1643669925,0.1056001275,2.41969415,0.4496702524999999,2.55620245,0.6677965924999999,0.6599838100000001,0.5698905200000001,2.319819625,0.4256500099999999
225,2.45,4.1,0.1868183675,0.9915172274999999,90.4,2.351767025,50.01044475,2.44544915,0.4788176024999999,1.320000000000007,0.3790333199999999,1.57,194.142857142857,0.1681298900000001,0.1061993675,2.414211075,0.451645965,2.541375575,0.687850675,0.660051205,0.55670688,2.319259275,0.4292817975000001
226,2.09,4.3,0.18243914,0.9916827599999998,90.5,2.353108875,50.00129699999999,2.4307545,0.4754984925000001,1.320000000000007,0.3792922,1.25,194.142857142857,0.164517235,0.106048435,2.415009875,0.4473232875,2.542395874999999,0.665145075,0.6600000099999999,0.5535449575,2.319824525,0.42537734
227,1.88,3.4,0.183489025,0.9917671825000003,90.5,2.352945275,50.0207705,2.42964855,0.4846864425,1.320000000000007,0.37922525,1.09,181.0,0.1656320125,0.10595847375,2.413320375,0.44973063,2.540009275,0.6644590599999998,0.6600293849999999,0.5667103049999999,2.320201925,0.431065375
228,1.62,3.2,0.1823349725,0.991843455,90.4,2.351580025,50.00379225,2.427884999999999,0.480031935,1.320000000000007,0.37906615,0.94,181.0,0.16471732,0.1058898025,2.4119107,0.4505589925000001,2.54360025,0.67053183,0.65999393,0.565829535,2.32000265,0.4064295775000001
229,2.16,4.8,0.182777975,0.9907912624999999,90.3,2.353320249999999,50.011039,2.450350275000001,0.4884691900000001,1.319999999999993,0.3790678149999999,1.62,181.0,0.16409539,0.106175185,2.419155575,0.450182195,2.538353575,0.6658496525,0.6599664624999998,0.5664229599999999,2.320160375,0.4176208100000001
230,2.18,3.5,0.185092555,0.99048429,89.7,2.351478125,50.0357275,2.454701225,0.4849829750000001,1.109999999999999,0.3789561924999999,1.64,284.142857142857,0.1652809025,0.1055656325,2.416928075,0.4501768125,2.540997225,0.66308698,0.6600034200000001,0.5718283775,2.319687125,0.3961271225
231,1.44,5.6,0.165493475,0.9903656325000002,90.5,2.381065524999999,50.08991849999999,2.457454975,0.5043583800000001,1.340000000000003,0.3739882975,1.39,288.142857142857,0.1484426,0.106008375,2.445555075,0.4644015599999999,2.556263749999999,0.6626819349999999,0.654575545,0.5588071375000001,2.348773725,0.4108764875000001
232,2.08,3.3,0.16412235,0.9904326424999997,90.4,2.382637725,50.105927,2.4588485,0.506713365,1.300000000000011,0.3736317900000001,1.35,253.428571428571,0.1471000875,0.1061614075,2.447085025,0.4654658775,2.55736005,0.6639811774999999,0.65419467,0.5591319975000001,2.35033395,0.4109715500000001
233,1.71,4.7,0.162751225,0.9904996550000001,90.3,2.384209875,50.12193499999999,2.460242025,0.5090683449999998,1.200000000000003,0.3732752825,0.97,253.428571428571,0.1457575125,0.1063144325,2.448615000000001,0.4665301924999999,2.55845635,0.6652804224999999,0.6538137849999999,0.5594568675000001,2.351894175,0.4110665575
234,1.91,4.2,0.1606945225,0.9906001625,90.0,2.3865682,50.14594750000001,2.46233235,0.5126008175000002,1.100000000000009,0.3727405275,1.34,253.428571428571,0.143743705,0.1065439825,2.450909999999999,0.4681266650000001,2.560100825,0.667229295,0.6532424700000001,0.5599441675000001,2.35423445,0.41120915
235,1.41,4.1,0.159323395,0.9906671749999998,90.2,2.3881404,50.16195625,2.463725875,0.5149557899999999,1.100000000000009,0.372384025,0.66,352.285714285714,0.1424012,0.106697015,2.45243995,0.4691909749999999,2.561197125,0.66852854,0.6528615850000001,0.5602690349999999,2.355794625,0.4113041625
236,1.86,6.2,0.15795227,0.9907341874999996,90.2,2.389712675,50.17796424999999,2.465119375,0.5173107725,1.100000000000009,0.3720275175,1.2,352.285714285714,0.1410586325,0.1068500475,2.453969925,0.4702552875,2.562293475,0.6698277850000001,0.6524807175000001,0.5605939000000002,2.35735485,0.41139924
237,2.05,3.2,0.1558955825,0.9908346974999998,90.3,2.39207095,50.20197725000001,2.467209725,0.520843245,1.200000000000003,0.371492755,1.41,352.285714285714,0.1390448175,0.107079595,2.4562649,0.471851755,2.563937925,0.67177665,0.6519093899999999,0.5610811924999999,2.35969515,0.41154177
238,1.96,3.9,0.154524455,0.9909017075000002,90.6,2.393643125000001,50.21798524999999,2.46860325,0.5231982324999999,1.200000000000003,0.37113625,1.34,343.428571428571,0.1377023,0.1072326275,2.457794875,0.47291607,2.56503425,0.6730758975,0.6515285074999999,0.5614060600000002,2.3612553,0.411636845
239,2.14,3.3,0.1531533275,0.9909687174999997,90.5,2.395215299999999,50.23399325,2.4699968,0.5255532150000002,1.300000000000011,0.3707797475,1.35,343.428571428571,0.1363597525,0.107385655,2.459324875,0.4739803799999999,2.5661306,0.6743751525,0.651147635,0.561730925,2.362815575,0.4117318525000001
240,1.96,7.700000000000001,0.151096645,0.9910692299999999,90.1,2.3975737,50.25800625000001,2.472086999999999,0.5290856875000001,1.0,0.3702449849999999,1.32,343.428571428571,0.13434593,0.1076152025,2.461619825,0.4755768499999999,2.5677751,0.6763240300000002,0.6505763025,0.5622182274999998,2.365155925,0.41187445
241,1.97,4.8,0.14972552,0.99113624,90.1,2.39914585,50.27401424999999,2.47348055,0.5314406675000001,0.7000000000000028,0.36988848,1.3,296.714285714286,0.1330034,0.107768235,2.46314985,0.476641165,2.56887145,0.6776232825,0.650195435,0.5625430925000001,2.366716075,0.41196945
242,1.99,4.7,0.148354385,0.9912032525000001,89.9,2.400717975,50.29002250000001,2.4748741,0.5337956375,1.100000000000009,0.369531975,1.21,296.714285714286,0.1316608675,0.1079212675,2.46467975,0.4777054824999999,2.569967775,0.6789225375,0.6498145525,0.56286796,2.3682763,0.4120645225
243,2.14,3.4,0.172468035,0.9921984350000004,90.4,2.40195615,49.96187575000001,2.4757756,0.4641036849999999,1.100000000000009,0.359114085,1.29,296.714285714286,0.1514695824999999,0.1060992525,2.464822474999999,0.4514394725,2.569781649999999,0.6682601725,0.6499529475,0.54984589,2.370291149999999,0.408515415
244,2.33,3.2,0.1688990375,0.9949221149999998,91.4,2.402607724999999,49.981535,2.47784445,0.4538311275000001,1.300000000000011,0.359113345,1.57,252.142857142857,0.1506997675,0.1061572375,2.4668242,0.4501199525,2.573473875,0.6757978174999999,0.6500264225000001,0.5489372849999999,2.3699897,0.4148960725
245,1.6,3.2,0.1886678225,0.9901708149999997,90.7,2.40197295,49.433151,2.474340574999999,0.44277267,1.100000000000009,0.359517755,0.72,252.142857142857,0.169845895,0.1058737075,2.462034424999999,0.4504990375,2.568411,0.669280055,0.6500358575,0.566586005,2.37206935,0.40218326
246,2.1,3.2,0.171033225,0.9916656175000002,90.6,2.402632200000001,50.02723875,2.481956249999999,0.4798374950000002,1.299999999999997,0.3591866,1.31,210.571428571429,0.15213179,0.106081515,2.470668775,0.4489415950000001,2.5794271,0.6643664574999999,0.6500541725,0.55955306,2.37037935,0.4019672699999999
247,1.62,4.7,0.172232355,0.9936524449999998,90.4,2.401560775,49.95492625000001,2.478099274999999,0.4646693574999999,1.200000000000017,0.3597370600000001,1.07,210.571428571429,0.1538397925,0.10578613,2.4665721,0.450552865,2.575951225,0.6630961699999999,0.650022125,0.5543426300000001,2.3702292,0.396122025
248,1.93,3.2,0.171509245,0.9922830750000002,90.5,2.378313700000001,50.016123,2.451573600000001,0.4708256300000001,1.300000000000011,0.35928478,0.9,210.571428571429,0.1528081975,0.1060070675,2.440293975000001,0.4490755424999999,2.546876425000001,0.6833171124999999,0.6499902199999998,0.5511254299999999,2.347034675,0.4010726450000001
249,1.71,3.2,0.175049685,0.9913922550000003,90.2,2.37226685,49.96236649999999,2.446751925,0.4832212825,1.200000000000003,0.359192625,1.31,210.571428571429,0.1561331125,0.1056318125,2.435853424999999,0.451906625,2.543482275,0.6750376299999999,0.6500452800000001,0.5679435199999999,2.340336775,0.4013303875000001
250,2.61,3.2,0.175318165,0.9912668149999998,90.1,2.371445425,49.97221075,2.44379125,0.4676826024999999,1.099999999999994,0.3592465849999999,1.76,210.571428571429,0.1561422375,0.10563886,2.4326779,0.4503577925,2.539782849999999,0.6767529,0.6500169350000001,0.543707825,2.340065175,0.4192511875
251,1.55,3.2,0.1747260750000001,0.9915446725000001,90.4,2.394717275,49.9922585,2.470325474999999,0.4612978,1.310000000000002,0.3594030150000001,0.85,210.571428571429,0.1553326375,0.1057582675,2.458816125,0.4513521824999999,2.565442075000001,0.6739129349999999,0.6500041975,0.5454262575,2.3602803,0.4054181600000001
252,1.43,5.1,0.176332965,0.9911794199999997,89.9,2.37186235,49.98740799999999,2.444749825,0.467033625,1.310000000000002,0.3598149500000001,0.65,275.285714285714,0.1565201225,0.10584163025,2.43346845,0.4489242549999999,2.543957999999999,0.6731368650000001,0.649986355,0.5538972849999999,2.339708125,0.4037534300000001
253,1.47,3.3,0.1757908450000001,0.9910855125000003,89.8,2.373726649999999,50.00325500000001,2.4485651,0.4596811424999999,1.200000000000003,0.3593860174999999,0.49,275.285714285714,0.1560622425,0.1060898235,2.437165250000001,0.45062995,2.546007425,0.6651357575000001,0.6499783349999999,0.5395824325,2.340185775,0.3833785125
254,1.35,4.899999999999999,0.172782915,0.9892749074999999,90.0,2.372732,49.98406825,2.449053,0.4672004525,1.200000000000003,0.3565066325000001,0.81,275.285714285714,0.1546864375,0.10489122,2.437917325,0.4495896324999998,2.55256025,0.6648298149999997,0.65000133,0.5519223200000001,2.33988145,0.3799057875000001
255,1.32,5.7,0.176884425,0.992594465,90.3,2.373769,50.01855425000001,2.4461663,0.4637515875,1.279999999999987,0.359416165,0.62,275.285714285714,0.15723073,0.1057790775,2.435191925,0.4492696025,2.54263955,0.6814255025,0.6559642175,0.5479268575000001,2.340189899999999,0.3910341325
256,1.62,3.2,0.178159835,0.992018745,90.5,2.393089225,50.02436225000001,2.467840274999999,0.4811074850000001,1.219999999999999,0.3535149349999999,0.85,288.857142857143,0.158643185,0.1058461875,2.456096699999999,0.450402685,2.568869349999999,0.6792377325000001,0.6559987974999999,0.5496509900000002,2.360796475,0.3669041650000001
257,1.44,3.8,0.172717375,0.9930772925,90.2,2.3930835,50.06529025,2.46568345,0.4691902599999999,1.209999999999994,0.3594862425,0.51,288.857142857143,0.152824085,0.1056612025,2.45478755,0.4478277774999999,2.560632575,0.6689352625,0.6500877600000001,0.5469993224999999,2.35998205,0.37426339
258,2.7,3.5,0.174900655,0.9932520175000003,90.3,2.39402605,50.02485425,2.469664475,0.4725499350000001,1.219999999999999,0.3586542025000001,0.53,288.857142857143,0.1547831875,0.1064016175,2.45783745,0.449934245,2.564949375,0.6721728725000001,0.6500206275,0.5453119075000001,2.3605229,0.4062174725
259,1.42,4.6,0.1754370025,0.9930466025,90.1,2.392449425,50.025485,2.4650159,0.4706215975,1.209999999999994,0.3593558925000001,0.44,302.142857142857,0.15533487,0.1056623475,2.453129425,0.4489060749999999,2.56215945,0.6879712425000001,0.6499868050000001,0.5537211875000001,2.359762074999999,0.383162885
260,1.47,4.899999999999999,0.1755550775,0.9932246599999999,89.9,2.394294550000001,49.99414324999999,2.47003715,0.4618879449999999,1.310000000000002,0.3592473175,0.77,302.142857142857,0.1555483125,0.1055256,2.458486675,0.4499359075000001,2.566333075,0.6676018625,0.6500199,0.5454790625000001,2.360492475,0.3995525550000001
261,2.61,4.0,0.175372175,0.9935705924999999,90.3,2.353848025,50.03731449999999,2.430407850000001,0.4610999449999998,1.239999999999995,0.35959548,0.38,302.142857142857,0.1551034475,0.1060067775,2.418630375000001,0.450584955,2.52441125,0.6689648974999999,0.6499915425,0.5426606775,2.320037875,0.4010776550000001
262,1.42,5.1,0.1769614099999999,0.9932960799999997,90.3,2.355079675,49.982695,2.428109774999999,0.4565291324999999,1.239999999999995,0.3594429550000001,0.37,324.571428571429,0.15650006,0.106459905,2.416836275,0.45126333,2.52839105,0.6677598000000001,0.6499747800000001,0.540732,2.32074855,0.3982677599999999
263,1.59,3.2,0.152095015,0.9939517125,89.7,2.357632975,50.209016,2.434277575,0.4899701425000001,1.439999999999998,0.3590196975,0.67,324.571428571429,0.1340962175,0.10535067,2.423671825,0.4426012375000002,2.523148625,0.6767898999999995,0.649696815,0.5697294725,2.322616925000001,0.398092945
264,1.69,7.8,0.1845167325,0.9914880199999999,89.7,2.356345875,49.99839350000001,2.429324175,0.45702049,0.7399999999999949,0.359238045,0.46,324.571428571429,0.16393147,0.10309168,2.41854865,0.45054527,2.5240295,0.671570215,0.6499464199999998,0.5426328625,2.322104225,0.377517235
265,4.31,6.5,0.172704515,0.9865815900000001,89.7,2.375024324999999,49.96947424999998,2.445665024999999,0.4511887449999999,1.239999999999995,0.3596146725,1.75,300.714285714286,0.1537751075,0.1064360275,2.435072225,0.4507170525000001,2.539169875,0.6786629199999998,0.6500207874999999,0.5473056550000001,2.341495475000001,0.40368917
266,1.54,7.8,0.1753204975,0.9936545575,89.4,2.3853021,50.05908925000001,2.458976,0.4489544599999999,1.240000000000009,0.35953049,0.4,300.714285714286,0.155792645,0.10682601,2.448037425,0.4510577625,2.551794175,0.6765486675,0.6499909500000001,0.5378485700000001,2.350655325,0.3978101525
267,1.57,4.5,0.1743297375,0.9939900324999998,89.6,2.38214645,49.979772,2.452595075,0.4562046199999999,1.339999999999989,0.359552565,0.39,300.714285714286,0.154757265,0.1066394925,2.4418956,0.4486056125000001,2.546700075,0.6850136500000001,0.65000357,0.5347612774999999,2.34918685,0.3799589175
268,2.6,3.2,0.17392592,0.9939566600000003,89.3,2.3839381,49.99574925,2.459862875,0.4622035374999999,1.339999999999989,0.3596178375,1.74,251.571428571429,0.154301755,0.106202005,2.448723825,0.4476601950000001,2.5573129,0.6779581225,0.65002078,0.5428461025,2.349864075,0.4110390075
269,1.44,5.4,0.17051035,0.9937644074999998,89.8,2.383721524999999,49.98712049999999,2.4559012,0.4573635374999999,0.8399999999999892,0.3593849275,0.33,251.571428571429,0.151035585,0.1069137825,2.445211249999999,0.4500654125,2.551534450000001,0.6758812099999999,0.6499790774999998,0.5399901975,2.349939425,0.469244425
270,4.93,3.2,0.1737369275,0.994225625,89.7,2.384451449999999,49.95520424999999,2.45409095,0.4477119625000001,1.340000000000003,0.359538,2.17,251.571428571429,0.1540709625,0.106789055,2.44404525,0.452243075,2.545611849999999,0.6800907025,0.6500237550000001,0.541603695,2.350733975,0.402243365
271,1.19,3.2,0.1731619425,0.9945224025,90.0,2.3945641,50.00198424999999,2.474541625,0.4560098650000001,1.340000000000003,0.357927085,0.4,235.142857142857,0.1535622625,0.1068424725,2.463224225,0.448846705,2.5758388,0.6722098024999997,0.6499986725,0.5442645849999999,2.3591695,0.4439424500000001
272,4.44,3.2,0.1763583325,0.9933973999999998,89.7,2.395375625000001,50.01183675,2.4749928,0.4605621825000001,1.239999999999995,0.359463255,1.31,235.142857142857,0.1561783275,0.1070241025,2.463739925,0.4515646124999999,2.57347295,0.6699476675,0.6499888825000001,0.5371441425000001,2.360553374999999,0.3855089575
273,6.89,3.8,0.1747714825,0.9935298225000002,89.4,2.3935835,50.00537975,2.465222274999999,0.4446618375000002,1.310000000000002,0.3580706275000001,0.56,235.142857142857,0.154412315,0.1065795775,2.455089825,0.4507974775,2.562189575,0.6781435825,0.6499765600000001,0.5404818575,2.359847875,0.45640882
274,1.51,5.6,0.176161835,0.9934660275000002,90.0,2.394348700000001,49.99349474999999,2.468530725,0.4572428150000001,1.310000000000002,0.3592553849999999,0.77,251.857142857143,0.1561823675,0.1072417,2.4578224,0.4483077575,2.567240899999999,0.6672310050000002,0.6500160374999999,0.5396749475,2.361143449999999,0.387493415
275,2.98,4.8,0.178765555,0.9943334275,89.9,2.405944500000001,49.99375450000001,2.48156295,0.4556298975,1.100000000000009,0.3594299,1.17,251.857142857143,0.1581385325,0.106730145,2.470644824999999,0.44872852,2.57950175,0.6640881675,0.6499949624999999,0.5452935775,2.371796025,0.37916095
276,1.12,3.4,0.17366234,0.9940927524999997,90.0,2.415747975,50.00503600000001,2.487273049999999,0.4580774775000001,1.280000000000001,0.3595293725000001,0.37,251.857142857143,0.1531401625,0.1067813,2.476151875,0.4507843124999999,2.5839527,0.6744907175,0.6500213825,0.5472960450000002,2.380690475,0.3962441624999999
277,5.15,4.4,0.1736213625,0.9936962700000003,89.5,2.43537635,50.02103125,2.517168300000001,0.4456813499999999,1.049999999999997,0.3592370349999999,1.34,206.428571428571,0.1529771675,0.106971945,2.505357550000001,0.4503093700000001,2.6178947,0.6706244874999999,0.6499931875000002,0.5452007275,2.399435925000001,0.3809614950000001
278,1.29,3.2,0.1750640724999999,0.9935362974999998,89.2,2.436275750000001,50.0259035,2.516977025,0.4617487800000001,1.079999999999998,0.3593205775,0.58,206.428571428571,0.15421664,0.10691593,2.5056663,0.4479601999999999,2.6122308,0.6710322925,0.6499707674999999,0.5416405750000002,2.39989355,0.3821368575
279,1.11,4.3,0.185154425,0.9932021350000003,89.9,2.41607255,50.01612325000001,2.491416025,0.461665565,1.150000000000006,0.3594284050000001,0.37,206.428571428571,0.163577925,0.1073358375,2.47995545,0.45012514,2.5843404,0.6699754275000002,0.6500117299999999,0.5348632675,2.380718649999999,0.38243382
280,6.95,3.5,0.177228225,0.9944827299999996,89.9,2.40535595,50.05383725,2.473483475000001,0.4592085725,1.140000000000001,0.3555563425000001,1.86,217.857142857143,0.1556562425,0.1072081425,2.463276575,0.449975795,2.56498065,0.6781341599999997,0.6499796749999999,0.5361426950000001,2.3700483,0.36144744
281,1.27,4.1,0.182580405,0.9936577674999997,89.6,2.404940275,49.97938425,2.4805477,0.4475637275,1.139999999999986,0.3593140725,0.5,217.857142857143,0.1602764575,0.106717875,2.47031115,0.4498607675000001,2.57846915,0.6864600700000001,0.6499441975,0.5401662674999999,2.370242125,0.3812482725000001
282,4.06,7.2,0.191888535,0.9981837575,89.4,2.401347425,49.73043625,2.478526825,0.446590325,1.040000000000006,0.35944265,1.08,217.857142857143,0.16555779,0.1068014225,2.4683329,0.4503940275,2.57232295,0.6579497599999999,0.6497380799999999,0.5894428199999998,2.364521324999999,0.376639175
283,3.99,7.399999999999999,0.1932877825,0.9974057650000001,89.0,2.383086300000001,49.6660035,2.458167499999999,0.4455050874999998,1.120000000000005,0.359554775,1.17,252.714285714286,0.16729998,0.1085917625,2.4477132,0.45030354,2.55304885,0.6601202374999999,0.6497786074999998,0.568823785,2.348492750000001,0.3792915375000001
284,3.61,3.2,0.19468703,0.9966277725000001,89.3,2.3648251,49.601571,2.437808125,0.444419855,1.042999999999999,0.3596669225,1.25,199.0,0.16904217,0.1103821025,2.427093425,0.450213055,2.53377475,0.6622907075,0.64981915,0.54820475,2.332464175,0.381943905
285,6.1,5.200000000000001,0.1967859025,0.9954607875000002,89.3,2.337433399999999,49.50492175,2.4072691,0.4427919975,1.299999999999997,0.359835125,2.06,252.714285714286,0.1716554625,0.11306761,2.396163775,0.4500773400000001,2.504863625,0.6655464225000001,0.6498799674999999,0.5172761974999999,2.308421324999999,0.3859224425
286,1.3,10.6,0.1981851550000001,0.9946827949999998,89.3,2.3191722,49.44048975000001,2.386909725,0.4417067550000001,1.079999999999998,0.35994725,0.49,85.8571428571429,0.1733976525,0.114857955,2.37554405,0.44998685,2.48558955,0.6677169025,0.6499205000000002,0.4966571624999999,2.292392750000001,0.3885748025
287,2.55,3.2,0.199584405,0.9939048175000001,88.7,2.3009109,49.37605625000001,2.366550275,0.44062152,1.179999999999993,0.3600593725,1.11,85.8571428571429,0.1751398425,0.11664829,2.3549243,0.4498963674999999,2.46631545,0.6698873750000001,0.6499610599999999,0.4760381249999999,2.276364175,0.3912271575
288,8.92,3.2,0.1785155499999999,0.9938390874999998,89.0,2.306615925,49.97555099999998,2.37560155,0.4597926749999998,1.280000000000001,0.3593192724999999,3.66,85.8571428571429,0.1548680125,0.1065352125,2.365879775,0.4501425825,2.472572824999999,0.6825196749999999,0.6499882799999999,0.5422155275000002,2.280275025,0.3841373599999999
289,7.77,3.2,0.1723701275,0.9936276499999999,89.0,2.306922225,50.0314315,2.376378275,0.46107195,1.149999999999991,0.3591186325,2.03,118.285714285714,0.148795315,0.1066654205,2.3668411,0.4442246900000001,2.473026675,0.6708097025,0.6500323599999998,0.5380711399999998,2.280005625,0.3832052674999999
290,6.78,3.2,0.174870025,0.9939904949999999,89.1,2.308292949999999,49.98460650000001,2.377402975,0.44317831,1.249999999999986,0.3592322075,2.82,118.285714285714,0.1508421225,0.1063197925,2.366995800000001,0.4486955975,2.469547,0.6736839625000002,0.6500279150000001,0.536995695,2.280575225,0.39080616
291,1.71,6.1,0.17774474,0.9937765075,88.6,2.307182524999999,50.038723,2.37449515,0.4552864599999999,0.6499999999999915,0.3589931724999999,0.3,118.285714285714,0.15048467,0.10605986,2.36420365,0.4499745025,2.472704675,0.672794045,0.650024505,0.5527200424999997,2.2805148,0.4171160150000001
292,6.39,8.5,0.1853481325,0.99346255,89.7,2.414818925,49.9992105,2.497408,0.47165992,1.079999999999998,0.358938655,0.38,210.857142857143,0.1678807325,0.1057096725,2.485175925000001,0.4500086350000001,2.596234475,0.686830745,0.64998488,0.553730585,2.379791174999999,0.38056557
293,1.61,5.999999999999999,0.1775376525,0.9931676274999998,90.0,2.394233775,50.01873025000001,2.472825975,0.4696480800000001,1.149999999999991,0.35922544,0.25,210.857142857143,0.1604232525,0.10560172175,2.46226405,0.39975225,2.57406035,0.6677133274999998,0.6500277600000001,0.5443571575000001,2.3597762,0.38481394
294,4.9,6.3,0.1766391975,0.9921752499999998,90.0,2.366626225,49.99565575,2.447044075,0.4663846625,1.25,0.35925613,2.17,210.857142857143,0.1604605625,0.1051438765,2.434618875,0.3992817675000001,2.5486144,0.6702908750000001,0.6499985225,0.5504672274999999,2.3308102,0.4016982100000001
295,7.15,10.4,0.1698267575,0.9926593725,89.8,2.365113024999999,49.99768825,2.442417625000001,0.4742004125000001,1.079999999999998,0.3590211875,2.45,245.571428571429,0.15438594,0.1039090965,2.43013265,0.4005713375000001,2.531992125000001,0.6706057225,0.6499860525,0.5481306525,2.330384925,0.4578800349999999
296,6.22,7.399999999999999,0.175704515,0.9930456749999997,89.7,2.35331835,50.00661325,2.4237666,0.4611925524999999,1.079999999999998,0.3591955825000001,3.1,245.571428571429,0.15998847,0.10492817,2.413360375,0.4000422149999999,2.516278825,0.662168965,0.6499761175000001,0.5611661575,2.320367124999999,0.4119557775000001
297,5.57,7.0,0.17033422,0.9908279050000001,89.9,2.3495402,50.00531475000001,2.418412675,0.4701671625,1.200000000000017,0.359249175,2.35,245.571428571429,0.1561876725,0.10572321,2.406743625,0.3999919475,2.516193725,0.664811415,0.64998088,0.553387435,2.319805225000001,0.5063020775000002
298,3.37,4.4,0.1729304125,0.9926892800000001,89.8,2.350308000000001,50.01765425000001,2.422656075,0.4740613925000001,1.149999999999991,0.3591157525000001,0.28,245.0,0.1571855975,0.1044445125,2.41095435,0.40010918,2.516252875,0.6720153150000001,0.6499747749999999,0.543791705,2.319968825,0.3798973449999999
299,3.33,3.5,0.17178726,0.9922686975000001,90.3,2.351157225,50.01138224999999,2.422047024999999,0.4792626225,1.249999999999986,0.35923703,3.15,245.0,0.1568088875,0.1033345975,2.4103764,0.4000270075,2.517775399999999,0.6787926800000001,0.6500301425000001,0.5532672350000001,2.31947895,0.38595163
300,3.97,8.4,0.17644694,0.9936199875,89.8,2.322387850000001,49.97569975,2.396214975,0.45122586,1.149999999999991,0.3591985425000001,3.57,245.0,0.161453545,0.1045409975,2.3844902,0.40000001,2.497746825,0.6663688050000001,0.6500353299999998,0.5487980275000001,2.2895808,0.3847946374999999
301,6.4,4.2,0.1689277825,0.99202037,90.4,2.310958074999999,50.013396,2.380045449999999,0.4709460725,1.25,0.3588726325,3.29,254.714285714286,0.158211745,0.104295305,2.367952024999999,0.4000211575,2.47905395,0.6725992050000001,0.650028795,0.54775996,2.27925895,0.383348845
302,3.18,3.2,0.1758330175,0.9936211325000001,90.3,2.31436755,49.9960725,2.387448475,0.4584945449999999,1.649999999999991,0.35949878,1.88,254.714285714286,0.162199395,0.104376365,2.375649200000001,0.4000117049999999,2.486532524999999,0.6759555,0.6500007474999998,0.5482047549999999,2.280299175,0.4053138650000001
303,3.99,5.0,0.17250672,0.9934375049999998,90.0,2.340716375,49.990433,2.40893675,0.4720401774999999,1.049999999999997,0.3593933500000001,1.78,254.714285714286,0.15907258,0.104160205,2.397021825,0.39861489,2.505713925000001,0.6761965350000001,0.6500659074999999,0.5471201024999999,2.3099739,0.4002027025
304,4.82,5.9,0.17876607,0.9938124425000001,90.7,2.332151249999999,50.01202324999998,2.39955785,0.46348283,1.179999999999993,0.3591363424999999,4.15,254.714285714286,0.1640128425,0.103774395,2.389290149999999,0.4001789500000001,2.492295550000001,0.6883050875000002,0.650001485,0.5549451525,2.30023445,0.3800715250000001
305,4.76,4.899999999999999,0.1688709750000001,0.9921291250000005,90.8,2.333674449999999,49.99111075,2.400604250000001,0.468628505,1.049999999999997,0.3593138925000002,2.62,254.714285714286,0.15545641,0.1038484675,2.3902799,0.4004979575,2.491736325,0.6748428649999999,0.6500083250000002,0.5544629975000002,2.300481175,0.3838710799999999
306,4.76,9.0,0.17295252,0.9917546600000001,90.1,2.327538575000001,50.06962874999999,2.40114175,0.4677846150000001,1.049999999999983,0.3592796775,2.62,254.714285714286,0.1585387125,0.1035783425,2.390301074999999,0.39949631,2.495321825,0.6654602725000003,0.6500209475,0.5574204724999998,2.294758625,0.371925645
307,5.42,3.2,0.1744190475,0.9919046875000002,90.0,2.311927525000001,49.98657425,2.379771275,0.471910535,1.25,0.3592247000000001,3.33,331.142857142857,0.15953311,0.1049797325,2.3691109,0.39816454,2.472817075,0.6639397325,0.6499731375,0.5537214075,2.280793825,0.3917901925
308,4.65,4.7,0.167904205,0.9902559375000003,89.4,2.310879175,50.00962675,2.379486575,0.4571413175,1.079999999999998,0.387959235,1.92,331.142857142857,0.15806976,0.10468156,2.368523125,0.3994930275,2.470135075,0.6836626499999998,0.6500055924999998,0.5582148525,2.27961025,0.4021726075
309,5.12,3.2,0.1914278975,0.9904979824999998,90.1,2.28236485,49.97582875,2.345828099999999,0.4698057925,1.279999999999987,0.3895053650000001,2.4,331.142857142857,0.1798115925,0.1255757425,2.335831325,0.402457545,2.4432533,0.67615957,0.6500144050000002,0.540184865,2.250614000000001,0.44540735
310,6.62,7.6,0.16857797,0.9922049225000003,89.8,2.260943,50.00677025,2.3275542,0.4707792274999999,1.239999999999995,0.3697807475,4.64,331.142857142857,0.1574761075,0.1029388535,2.31674025,0.3976155875,2.421528925,0.6656827225,0.6499355949999999,0.555770325,2.230121599999999,0.3746551275
311,5.19,6.2,0.167552935,0.9928552999999998,90.1,2.260263075000001,49.9931895,2.3262802,0.47646266,1.149999999999991,0.3776279750000001,3.27,373.7142857142859,0.156156775,0.1049915625,2.3159914,0.4032039025,2.420369025,0.6736655549999999,0.6499677949999998,0.5656627125,2.229256,0.38268581
312,3.77,8.5,0.159309375,0.99282155,55.05,2.26409025,49.96883975,2.327351575,0.469408245,1.049999999999997,0.383108095,3.45,392.0,0.1522798775,0.10467523,2.314574675,0.4059584625,2.420697925,0.6792134525,0.6500125000000001,0.555061265,2.229008725,0.3887647375
313,6.84,5.5,0.17371541,0.9913466725,89.9,2.269971299999999,49.96056124999999,2.335034675,0.4737294974999999,1.150000000000006,0.3754842075000001,3.8,373.7142857142859,0.1611410225,0.10228943975,2.325527975,0.399225605,2.423453925,0.6709267424999997,0.6500005375,0.5687858499999999,2.2404062,0.3807463175
314,11.09,3.3,0.169521575,0.9929740624999998,90.4,2.23094575,49.9405685,2.301755050000001,0.4663757274999999,1.150000000000006,0.38045668,6.12,348.428571428571,0.1560943775,0.105029895,2.29229125,0.4062056225,2.3918343,0.6876717149999999,0.6499914574999999,0.5512898625,2.2004389,0.3953867275
315,5.3,9.0,0.1576901025,0.9926252449999996,89.5,2.232939724999999,49.94350224999999,2.30504,0.4765061050000001,1.149999999999991,0.3712770499999999,3.51,348.428571428571,0.14836218,0.1054869025,2.295030499999999,0.3966415449999999,2.3901642,0.6759950475,0.6499967850000001,0.5517530375,2.201185225,0.3765699625000001
316,3.69,5.3,0.1728039099999999,0.9924763100000001,89.7,2.235991675,49.99912875,2.306501325,0.481849055,1.049999999999997,0.3676347025,3.6,348.428571428571,0.1587500275,0.104386747,2.297420525000001,0.4039891275000002,2.400042,0.6585529875,0.6500126225,0.5578191975,2.198978375,0.3728641600000001
317,12.15,3.3,0.16470041,0.9929552225000002,89.7,2.236289150000001,50.00464850000001,2.30810835,0.4646664149999999,1.25,0.3655668949999999,8.92,348.428571428571,0.1545745425,0.104229065,2.298922525,0.40086639,2.396462925,0.6671018,0.6500033574999999,0.5566818574999999,2.200102025,0.371813755
318,11.3,3.3,0.161633455,0.9920209099999999,89.8,2.2367026,50.05390549999998,2.308562599999999,0.4730352800000001,1.149999999999991,0.36678269,5.13,271.428571428571,0.1468862249999999,0.1047493675,2.299138449999999,0.39659255,2.400495275,0.6835489925000001,0.6500238,0.5523182550000001,2.200339874999999,0.3728430175000001
319,8.46,4.3,0.162098865,0.9922493649999996,89.5,2.23931795,50.04466575,2.31092055,0.4780066375000001,1.25,0.3690177699999999,7.71,271.428571428571,0.15301107,0.1052114725,2.301298800000001,0.40245908,2.3998354,0.6767730325000001,0.649997275,0.5561959,2.2007464,0.3748143725
320,9.45,3.2,0.176924815,0.9926004725,89.2,2.237729649999999,50.03935600000001,2.309160775,0.4789657925000002,1.149999999999991,0.3652359024999999,8.81,271.428571428571,0.164073745,0.10318995,2.299256199999999,0.3971823949999999,2.395643649999999,0.6659979749999999,0.6500648700000001,0.5626123775,2.201371450000001,0.3708347849999999
321,9.09,3.2,0.1681459749999999,0.9931913050000001,89.2,2.235840525000001,50.01179575000001,2.308291475,0.4611037575000001,1.25,0.3883475725,8.7,271.428571428571,0.1569370225000001,0.1049250675,2.2987859,0.4009380125,2.399032675,0.6679025924999998,0.6500156800000001,0.562759595,2.199350399999999,0.3965987825
322,5.72,3.2,0.17231401,0.9929413574999997,89.4,2.238894975,50.051713,2.311162599999999,0.4780082625000001,1.349999999999994,0.3886896975,3.34,271.428571428571,0.1597118725,0.10483522,2.30172445,0.40230024,2.399587550000001,0.6750518525,0.6499996324999999,0.57092944,2.202150225,0.3948858275
323,4.33,3.6,0.175410365,0.9927662250000001,89.4,2.2340608,50.01348400000001,2.306020825,0.4772734425,1.280000000000001,0.3810330999999999,3.13,266.0,0.163258335,0.103642165,2.296624775,0.4002084874999999,2.398932175,0.6638234800000002,0.6500451499999998,0.5621519700000001,2.199127900000001,0.3860309275
324,8.33,11.8,0.16923822,0.9924312774999997,89.9,2.23546015,50.03401949999999,2.3061557,0.462543465,1.25,0.3929061675,4.82,266.0,0.157324685,0.1055307275,2.296978375000001,0.4014200224999999,2.398447375000001,0.6679377525000001,0.6500078850000001,0.5451157425,2.2010829,0.4692164150000001
